path,filename,extension,size_bytes,size_human,pages_used_on,category,notes
assets/docs/obuchenie/materialovedenie_kurs_lektsiy_.pdf,materialovedenie_kurs_lektsiy_.pdf,.pdf,1399355,1.33 MB,obuchenie/index.html,obuchenie,
assets/docs/obuchenie/ПР МДК 03.02 КИП 3 КУРС.docx,ПР МДК 03.02 КИП 3 КУРС.docx,.docx,8858682,8.45 MB,obuchenie/index.html,obuchenie,
assets/docs/obuchenie/ПР МДК 03.02 КИП 4 КУРС.docx,ПР МДК 03.02 КИП 4 КУРС.docx,.docx,14606791,13.93 MB,obuchenie/index.html,obuchenie,
assets/docs/obuchenie/компьютерные сети.pdf,компьютерные сети.pdf,.pdf,437688,427.4 KB,obuchenie/index.html,obuchenie,
assets/docs/obuchenie/практосы комп модель1.doc,практосы комп модель1.doc,.doc,553472,540.5 KB,obuchenie/index.html,obuchenie,
assets/docs/razgovor/165-ЛЕТИЕ СО ДНЯ РОЖДЕНИЯ К. Э. ЦИОЛКОВСКОГО.pdf,165-ЛЕТИЕ СО ДНЯ РОЖДЕНИЯ К. Э. ЦИОЛКОВСКОГО.pdf,.pdf,924981,903.3 KB,vospitanie/razgovory-o-vazhnom.html,razgovor,
assets/docs/razgovor/Атомный урок.pdf,Атомный урок.pdf,.pdf,7570576,7.22 MB,vospitanie/razgovory-o-vazhnom.html,razgovor,
assets/docs/razgovor/ВОЛОНТЁРЫ РОССИИ.pdf,ВОЛОНТЁРЫ РОССИИ.pdf,.pdf,342033,334.0 KB,vospitanie/razgovory-o-vazhnom.html,razgovor,
assets/docs/razgovor/ДЕНЬ ВОССОЕДИНЕНИЯ КРЫМА С РОССИЕЙ.pdf,ДЕНЬ ВОССОЕДИНЕНИЯ КРЫМА С РОССИЕЙ.pdf,.pdf,1265363,1.21 MB,vospitanie/razgovory-o-vazhnom.html,razgovor,
assets/docs/razgovor/ДЕНЬ ГЕРОЕВ ОТЕЧЕСТВА.pdf,ДЕНЬ ГЕРОЕВ ОТЕЧЕСТВА.pdf,.pdf,283374,276.7 KB,vospitanie/razgovory-o-vazhnom.html,razgovor,
assets/docs/razgovor/ДЕНЬ ЗЕМЛИ.pdf,ДЕНЬ ЗЕМЛИ.pdf,.pdf,1505493,1.44 MB,vospitanie/razgovory-o-vazhnom.html,razgovor,
assets/docs/razgovor/ДЕНЬ ЗНАНИЙ.pdf,ДЕНЬ ЗНАНИЙ.pdf,.pdf,10106725,9.64 MB,vospitanie/razgovory-o-vazhnom.html,razgovor,
assets/docs/razgovor/ДЕНЬ КОНСТИТУЦИИ.pdf,ДЕНЬ КОНСТИТУЦИИ.pdf,.pdf,278615,272.1 KB,vospitanie/razgovory-o-vazhnom.html,razgovor,
assets/docs/razgovor/ДЕНЬ КОСМОНАВТИКИ.pdf,ДЕНЬ КОСМОНАВТИКИ.pdf,.pdf,5821664,5.55 MB,vospitanie/razgovory-o-vazhnom.html,razgovor,
assets/docs/razgovor/ДЕНЬ МАТЕРИ.pdf,ДЕНЬ МАТЕРИ.pdf,.pdf,355474,347.1 KB,vospitanie/razgovory-o-vazhnom.html,razgovor,
assets/docs/razgovor/ДЕНЬ МУЗЫКИ.pdf,ДЕНЬ МУЗЫКИ.pdf,.pdf,263305,257.1 KB,vospitanie/razgovory-o-vazhnom.html,razgovor,
assets/docs/razgovor/ДЕНЬ НАРОДНОГО ЕДИНСТВА.pdf,ДЕНЬ НАРОДНОГО ЕДИНСТВА.pdf,.pdf,277183,270.7 KB,vospitanie/razgovory-o-vazhnom.html,razgovor,
assets/docs/razgovor/ДЕНЬ ОТЦА.pdf,ДЕНЬ ОТЦА.pdf,.pdf,295887,289.0 KB,vospitanie/razgovory-o-vazhnom.html,razgovor,
assets/docs/razgovor/ДЕНЬ ПАМЯТИ.pdf,ДЕНЬ ПАМЯТИ.pdf,.pdf,1022487,998.5 KB,vospitanie/razgovory-o-vazhnom.html,razgovor,
assets/docs/razgovor/ДЕНЬ ПОЖИЛЫХ ЛЮДЕЙ.pdf,ДЕНЬ ПОЖИЛЫХ ЛЮДЕЙ.pdf,.pdf,710159,693.5 KB,vospitanie/razgovory-o-vazhnom.html,razgovor,
assets/docs/razgovor/ДЕНЬ РОССИЙСКОЙ НАУКИ.pdf,ДЕНЬ РОССИЙСКОЙ НАУКИ.pdf,.pdf,296888,289.9 KB,vospitanie/razgovory-o-vazhnom.html,razgovor,
assets/docs/razgovor/ДЕНЬ ТЕАТРА.pdf,ДЕНЬ ТЕАТРА.pdf,.pdf,964013,941.4 KB,vospitanie/razgovory-o-vazhnom.html,razgovor,
assets/docs/razgovor/ДЕНЬ ТРУДА.pdf,ДЕНЬ ТРУДА.pdf,.pdf,1319784,1.26 MB,vospitanie/razgovory-o-vazhnom.html,razgovor,
assets/docs/razgovor/ДЕНЬ УЧИТЕЛЯ.pdf,ДЕНЬ УЧИТЕЛЯ.pdf,.pdf,224108,218.9 KB,vospitanie/razgovory-o-vazhnom.html,razgovor,
assets/docs/razgovor/Движение первых.pdf,Движение первых.pdf,.pdf,167896,164.0 KB,vospitanie/razgovory-o-vazhnom.html,razgovor,
assets/docs/razgovor/День защитника Отечества.pdf,День защитника Отечества.pdf,.pdf,267356,261.1 KB,vospitanie/razgovory-o-vazhnom.html,razgovor,
assets/docs/razgovor/Кибербезопасность.pdf,Кибербезопасность.pdf,.pdf,924707,903.0 KB,vospitanie/razgovory-o-vazhnom.html,razgovor,
"assets/docs/razgovor/МЫ РАЗНЫЕ, МЫ ВМЕСТЕ.pdf","МЫ РАЗНЫЕ, МЫ ВМЕСТЕ.pdf",.pdf,454863,444.2 KB,vospitanie/razgovory-o-vazhnom.html,razgovor,
assets/docs/razgovor/МЫ – РОССИЯ. ВОЗМОЖНОСТИ – БУДУЩЕЕ.pdf,МЫ – РОССИЯ. ВОЗМОЖНОСТИ – БУДУЩЕЕ.pdf,.pdf,519529,507.4 KB,vospitanie/razgovory-o-vazhnom.html,razgovor,
assets/docs/razgovor/НАША СТРАНА - РОССИЯ.pdf,НАША СТРАНА - РОССИЯ.pdf,.pdf,427345,417.3 KB,vospitanie/razgovory-o-vazhnom.html,razgovor,
assets/docs/razgovor/НОВЫЙ ГОД. МЕЧТЫ.pdf,НОВЫЙ ГОД. МЕЧТЫ.pdf,.pdf,374136,365.4 KB,vospitanie/razgovory-o-vazhnom.html,razgovor,
assets/docs/razgovor/Прорыв блокады Ленинграда.pdf,Прорыв блокады Ленинграда.pdf,.pdf,281533,274.9 KB,vospitanie/razgovory-o-vazhnom.html,razgovor,
assets/docs/razgovor/РОЖДЕСТВО.pdf,РОЖДЕСТВО.pdf,.pdf,847310,827.5 KB,vospitanie/razgovory-o-vazhnom.html,razgovor,
assets/docs/razgovor/РОССИЯ В МИРЕ.pdf,РОССИЯ В МИРЕ.pdf,.pdf,476135,465.0 KB,vospitanie/razgovory-o-vazhnom.html,razgovor,
assets/docs/razgovor/СИМВОЛЫ РОССИИ.pdf,СИМВОЛЫ РОССИИ.pdf,.pdf,681656,665.7 KB,vospitanie/razgovory-o-vazhnom.html,razgovor,
"assets/docs/razgovor/ТАМ, ГДЕ РОССИЯ.pdf","ТАМ, ГДЕ РОССИЯ.pdf",.pdf,1288580,1.23 MB,vospitanie/razgovory-o-vazhnom.html,razgovor,
assets/docs/razgovor/Традиционные семейные ценности.pdf,Традиционные семейные ценности.pdf,.pdf,340042,332.1 KB,vospitanie/razgovory-o-vazhnom.html,razgovor,
assets/docs/vospitanie/ПРАВИЛА-ВНУТРЕННЕГО-ТРУДОВОГО-РАСПОРЯДКА-2023[1].pdf,ПРАВИЛА-ВНУТРЕННЕГО-ТРУДОВОГО-РАСПОРЯДКА-2023[1].pdf,.pdf,151301,147.8 KB,vospitanie/index.html,vospitanie,
assets/docs/vospitanie/Положение-о-порядке-мобильной-связи-2024[1].pdf,Положение-о-порядке-мобильной-связи-2024[1].pdf,.pdf,266874,260.6 KB,vospitanie/index.html,vospitanie,
assets/docs/vospitanie/Положение-об-одежде[1].pdf,Положение-об-одежде[1].pdf,.pdf,142716,139.4 KB,vospitanie/index.html,vospitanie,
assets/docs/vospitanie/Приказ  о безопасности.pdf,Приказ  о безопасности.pdf,.pdf,73919,72.2 KB,vospitanie/index.html,vospitanie,
assets/docs/vospitanie/Устав-ГБПОУ-РО-СИТ-14.12.2018[1].pdf,Устав-ГБПОУ-РО-СИТ-14.12.2018[1].pdf,.pdf,5427201,5.18 MB,vospitanie/index.html,vospitanie,
assets/docs/vospitanie/положение о Студенческом совете[1].docx,положение о Студенческом совете[1].docx,.docx,32581,31.8 KB,vospitanie/index.html,vospitanie,
