path,filename,extension,size_bytes,size_human,pages_used_on,alt,new_alt,webp_needed
assets/images/abiturientu/1.jpg,1.jpg,.jpg,95916,93.7 KB,index.html | obo-mne/dostizheniya.html | abiturientu/professii/15-01-31-master-kip.html | abiturientu/professii/43-01-09-povar-konditer.html | abiturientu/professii/15-01-05-svarshchik.html,Занятие КИП,,да
assets/images/abiturientu/2.jpg,2.jpg,.jpg,62812,61.3 KB,index.html | obo-mne/dostizheniya.html | abiturientu/professii/15-01-31-master-kip.html | abiturientu/professii/15-01-05-svarshchik.html,Практическая работа,,да
assets/images/abiturientu/3.jpg,3.jpg,.jpg,292122,285.3 KB,index.html | obo-mne/dostizheniya.html,Учебная лаборатория,,да
assets/images/abiturientu/4.jpg,4.jpg,.jpg,675487,659.7 KB,index.html | obo-mne/dostizheniya.html,Занятие,,да
assets/images/abiturientu/5.jpg,5.jpg,.jpg,81248,79.3 KB,obo-mne/dostizheniya.html,Достижение,,да
assets/images/abiturientu/6.jpg,6.jpg,.jpg,124759,121.8 KB,index.html | obo-mne/dostizheniya.html,Практика,,да
assets/images/abiturientu/7.jpg,7.jpg,.jpg,155397,151.8 KB,obo-mne/dostizheniya.html,Достижение,,да
assets/images/abiturientu/8.jpg,8.jpg,.jpg,147135,143.7 KB,obuchenie/ksk.html | abiturientu/professii/08-01-07-master-obshchestroitelnykh-rabot.html | abiturientu/professii/15-01-31-master-kip.html | abiturientu/professii/43-01-09-povar-konditer.html | abiturientu/professii/15-01-05-svarshchik.html | abiturientu/professii/prodavets-kontroler-kassir.html | abiturientu/professii/13-01-10-elektromonter.html,Лаборатория вычислительной техники,,да
assets/images/abiturientu/kabinet/Laboratoria-elektrotehniki-3-1024x768.jpg,Laboratoria-elektrotehniki-3-1024x768.jpg,.jpg,126065,123.1 KB,obuchenie/ksk.html,Лаборатория микропроцессорных систем,,да
assets/images/abiturientu/kabinet/Laboratoria-internet-tehnologij-i-informacionnyh-tehnologij-1-1024x768.jpg,Laboratoria-internet-tehnologij-i-informacionnyh-tehnologij-1-1024x768.jpg,.jpg,103055,100.6 KB,obuchenie/ksk.html,Лаборатория вычислительной техники,,да
assets/images/abiturientu/kabinet/Laboratoria-komputernyh-setej-i-telekommunikacij-3-1024x768.jpg,Laboratoria-komputernyh-setej-i-telekommunikacij-3-1024x768.jpg,.jpg,105339,102.9 KB,obuchenie/ksk.html,Лаборатория компьютерных сетей,,да
assets/images/abiturientu/kabinet/Кабинет-технологии-кулинарного-и-кондитерского-производства.jpg,Кабинет-технологии-кулинарного-и-кондитерского-производства.jpg,.jpg,112028,109.4 KB,,,,да
assets/images/abiturientu/kabinet/Кабинет-технологии-общестроительных-работ-1-1024x768.jpg,Кабинет-технологии-общестроительных-работ-1-1024x768.jpg,.jpg,94310,92.1 KB,abiturientu/professii/08-01-07-master-obshchestroitelnykh-rabot.html,Бетонные работы,,да
assets/images/abiturientu/kabinet/Лаборатория-бухгалтерского-учета-налогов-и-налогообложения-аудита.jpg,Лаборатория-бухгалтерского-учета-налогов-и-налогообложения-аудита.jpg,.jpg,105859,103.4 KB,abiturientu/professii/prodavets-kontroler-kassir.html,Торговый зал,,да
assets/images/abiturientu/kabinet/Лаборатория-электротехники-1-1024x768.jpg,Лаборатория-электротехники-1-1024x768.jpg,.jpg,105289,102.8 KB,abiturientu/professii/15-01-31-master-kip.html | abiturientu/professii/13-01-10-elektromonter.html,ПЛК-тренажёр,,да
assets/images/abiturientu/kabinet/Лаборатория-электротехники-2-1024x768.jpg,Лаборатория-электротехники-2-1024x768.jpg,.jpg,105003,102.5 KB,abiturientu/professii/13-01-10-elektromonter.html,Стенд для испытаний,,да
assets/images/abiturientu/kabinet/Мастерская-каменных-работ-3-1024x768.jpg,Мастерская-каменных-работ-3-1024x768.jpg,.jpg,142148,138.8 KB,abiturientu/professii/08-01-07-master-obshchestroitelnykh-rabot.html,Мастерская каменных работ,,да
assets/images/abiturientu/kabinet/Мастерская-отделочных-работ-4-1024x768.jpg,Мастерская-отделочных-работ-4-1024x768.jpg,.jpg,114044,111.4 KB,,,,да
assets/images/abiturientu/kabinet/Сварочная-мастерская-2-1024x768.jpg,Сварочная-мастерская-2-1024x768.jpg,.jpg,120239,117.4 KB,abiturientu/professii/08-01-07-master-obshchestroitelnykh-rabot.html | abiturientu/professii/15-01-05-svarshchik.html,Сварочный пост,,да
assets/images/abiturientu/kabinet/Слесарная-мастерская-1024x768.jpg,Слесарная-мастерская-1024x768.jpg,.jpg,111346,108.7 KB,abiturientu/professii/13-01-10-elektromonter.html,Щит управления,,да
assets/images/abiturientu/kabinet/Учебная-кухня-ресторана-2-1-1024x768.jpg,Учебная-кухня-ресторана-2-1-1024x768.jpg,.jpg,118987,116.2 KB,abiturientu/professii/43-01-09-povar-konditer.html,Обеденный зал,,да
assets/images/abiturientu/kabinet/Учебный-кондитерский-цех-2-1024x768.jpg,Учебный-кондитерский-цех-2-1024x768.jpg,.jpg,110433,107.8 KB,abiturientu/professii/43-01-09-povar-konditer.html,Кондитерский цех,,да
assets/images/abiturientu/kabinet/св.png,св.png,.png,1308293,1.25 MB,,,,да
assets/images/abiturientu/professii/prodavec/65JHddlJPa4.jpg,65JHddlJPa4.jpg,.jpg,404879,395.4 KB,,,,да
assets/images/abiturientu/professii/prodavec/6u97jwvSfwY.jpg,6u97jwvSfwY.jpg,.jpg,373769,365.0 KB,,,,да
assets/images/abiturientu/professii/prodavec/Kabinet-ekonomiki-menedzmenta-finansov-deneznogo-obrasenia-i-kredita.jpg,Kabinet-ekonomiki-menedzmenta-finansov-deneznogo-obrasenia-i-kredita.jpg,.jpg,108448,105.9 KB,abiturientu/professii/prodavets-kontroler-kassir.html,Кассовый терминал,,да
assets/images/abiturientu/professii/prodavec/Ucebnyj-magazin-2-1024x768.jpg,Ucebnyj-magazin-2-1024x768.jpg,.jpg,112597,110.0 KB,abiturientu/professii/prodavets-kontroler-kassir.html,Учебный магазин,,да
assets/images/abiturientu/professii/prodavec/odY8UY4D2Fc.jpg,odY8UY4D2Fc.jpg,.jpg,391923,382.7 KB,,,,да
assets/images/abiturientu/professii/prodavec/pr.png,pr.png,.png,1681904,1.60 MB,,,,да
assets/images/abiturientu/professii/prodavec/raDugOucybY.jpg,raDugOucybY.jpg,.jpg,362660,354.2 KB,,,,да
assets/images/abiturientu/professii/prodavec/wPLZr6l-U0A.jpg,wPLZr6l-U0A.jpg,.jpg,245047,239.3 KB,,,,да
assets/images/abiturientu/professii/бух1.jpg,бух1.jpg,.jpg,362603,354.1 KB,,,,да
assets/images/abiturientu/professii/бух2.jpg,бух2.jpg,.jpg,251279,245.4 KB,,,,да
assets/images/abiturientu/professii/бух3.jpg,бух3.jpg,.jpg,136404,133.2 KB,,,,да
assets/images/abiturientu/professii/кип1.jpg,кип1.jpg,.jpg,93619,91.4 KB,abiturientu/professii/15-01-31-master-kip.html,Лаборатория КИПиА,,да
assets/images/abiturientu/professii/кип2.jpg,кип2.jpg,.jpg,109401,106.8 KB,abiturientu/professii/15-01-31-master-kip.html,Стенд автоматики,,да
assets/images/abiturientu/professii/кск1.jpg,кск1.jpg,.jpg,281347,274.8 KB,,,,да
assets/images/abiturientu/professii/кск2.jpg,кск2.jpg,.jpg,349952,341.8 KB,,,,да
assets/images/abiturientu/professii/кск3.jpg,кск3.jpg,.jpg,101813,99.4 KB,,,,да
assets/images/abiturientu/professii/повар1.jpg,повар1.jpg,.jpg,106732,104.2 KB,abiturientu/professii/43-01-09-povar-konditer.html,Учебная кухня,,да
assets/images/abiturientu/professii/повар2.jpg,повар2.jpg,.jpg,145757,142.3 KB,,,,да
assets/images/abiturientu/professii/повар3.jpg,повар3.jpg,.jpg,156720,153.0 KB,,,,да
assets/images/abiturientu/professii/повар4.jpg,повар4.jpg,.jpg,67107,65.5 KB,,,,да
assets/images/abiturientu/professii/повар5.jpg,повар5.jpg,.jpg,283251,276.6 KB,,,,да
assets/images/abiturientu/professii/повар6.jpg,повар6.jpg,.jpg,394233,385.0 KB,,,,да
assets/images/abiturientu/professii/свар1.jpg,свар1.jpg,.jpg,133605,130.5 KB,abiturientu/professii/15-01-05-svarshchik.html,Сварочный пост (ручная дуга),,да
assets/images/abiturientu/professii/свар2.jpg,свар2.jpg,.jpg,161688,157.9 KB,abiturientu/professii/15-01-05-svarshchik.html,Газосварочное оборудование,,да
assets/images/abiturientu/professii/свар3.jpg,свар3.jpg,.jpg,186272,181.9 KB,,,,да
assets/images/abiturientu/professii/свар4.jpg,свар4.jpg,.jpg,155728,152.1 KB,,,,да
assets/images/abiturientu/professii/свар5.jpg,свар5.jpg,.jpg,151759,148.2 KB,,,,да
assets/images/abiturientu/professii/свар6.jpg,свар6.jpg,.jpg,141845,138.5 KB,,,,да
assets/images/abiturientu/professii/ст1.jpg,ст1.jpg,.jpg,201378,196.7 KB,,,,да
assets/images/abiturientu/professii/ст2.jpg,ст2.jpg,.jpg,247563,241.8 KB,,,,да
assets/images/abiturientu/professii/ст3.jpg,ст3.jpg,.jpg,194243,189.7 KB,,,,да
assets/images/abiturientu/professii/ст4.jpg,ст4.jpg,.jpg,145682,142.3 KB,,,,да
assets/images/abiturientu/professii/ст5.jpg,ст5.jpg,.jpg,130017,127.0 KB,,,,да
assets/images/abiturientu/professii/ст6.jpg,ст6.jpg,.jpg,147201,143.8 KB,,,,да
assets/images/abiturientu/кск.jpg,кск.jpg,.jpg,143290,139.9 KB,,,,да
assets/images/animation/Снимок плеера2.png,Снимок плеера2.png,.png,2590789,2.47 MB,,,,да
assets/images/animation/видео среднее качество.mp4_snapshot_00.18.351.jpg,видео среднее качество.mp4_snapshot_00.18.351.jpg,.jpg,403815,394.4 KB,,,,да
assets/images/banners/418272036_22b5162b-714b-4462-9a75-9ea894d472a0.svg,418272036_22b5162b-714b-4462-9a75-9ea894d472a0.svg,.svg,49388,48.2 KB,,,,нет
assets/images/banners/bg-schematic.svg,bg-schematic.svg,.svg,57359,56.0 KB,,,,нет
assets/images/banners/img002.png,img002.png,.png,104694,102.2 KB,,,,да
assets/images/banners/osmbanner1.png,osmbanner1.png,.png,3447,3.4 KB,,,,да
assets/images/banners/osmbanner2.png,osmbanner2.png,.png,3483,3.4 KB,,,,да
assets/images/banners/shop-ad-books.jpg,shop-ad-books.jpg,.jpg,10920,10.7 KB,,,,да
assets/images/banners/shop-ad.jpg,shop-ad.jpg,.jpg,10119,9.9 KB,,,,да
assets/images/banners/история2.png,история2.png,.png,265513,259.3 KB,,,,да
assets/images/dost/1.jpg,1.jpg,.jpg,586399,572.7 KB,index.html | obo-mne/dostizheniya.html | abiturientu/professii/15-01-31-master-kip.html | abiturientu/professii/43-01-09-povar-konditer.html | abiturientu/professii/15-01-05-svarshchik.html,Занятие КИП,,да
assets/images/dost/12.jpg,12.jpg,.jpg,1015587,991.8 KB,obo-mne/dostizheniya.html,Достижение,,да
assets/images/dost/13.jpg,13.jpg,.jpg,584908,571.2 KB,obo-mne/dostizheniya.html,Достижение,,да
assets/images/dost/15.jpg,15.jpg,.jpg,1270907,1.21 MB,obo-mne/dostizheniya.html,Достижение,,да
assets/images/dost/16.jpg,16.jpg,.jpg,761568,743.7 KB,obo-mne/dostizheniya.html,Достижение,,да
assets/images/dost/17.jpg,17.jpg,.jpg,1066632,1.02 MB,obo-mne/dostizheniya.html,Достижение,,да
assets/images/dost/19.jpg,19.jpg,.jpg,969908,947.2 KB,obo-mne/dostizheniya.html,Достижение,,да
assets/images/dost/573я.jpg,573я.jpg,.jpg,1163488,1.11 MB,obo-mne/dostizheniya.html,Достижение,,да
assets/images/dost/export1581531753529.jpg,export1581531753529.jpg,.jpg,208976,204.1 KB,obo-mne/dostizheniya.html,Достижение,,да
assets/images/dost/mpdf (4).jpg,mpdf (4).jpg,.jpg,241394,235.7 KB,obo-mne/dostizheniya.html,Достижение,,да
assets/images/dost/Сертификат Бардаков Дмитрий Николаевич (1).jpg,Сертификат Бардаков Дмитрий Николаевич (1).jpg,.jpg,178882,174.7 KB,obo-mne/dostizheniya.html,Сертификат,,да
assets/images/dost/Сертификат Бардаков Дмитрий Николаевич.jpg,Сертификат Бардаков Дмитрий Николаевич.jpg,.jpg,177901,173.7 KB,obo-mne/dostizheniya.html,Сертификат,,да
assets/images/dost/анисимов.jpg,анисимов.jpg,.jpg,213050,208.1 KB,obo-mne/dostizheniya.html,Достижение,,да
assets/images/dost/кск (1).jpg,кск (1).jpg,.jpg,3303221,3.15 MB,obo-mne/dostizheniya.html,КСК соревнования,,да
assets/images/dost/кск (12).jpg,кск (12).jpg,.jpg,927902,906.2 KB,obo-mne/dostizheniya.html,КСК соревнования,,да
assets/images/dost/кск (2).jpg,кск (2).jpg,.jpg,8011613,7.64 MB,obo-mne/dostizheniya.html,КСК соревнования,,да
assets/images/dost/кск (22).jpg,кск (22).jpg,.jpg,897225,876.2 KB,obo-mne/dostizheniya.html,Диплом,,да
assets/images/dost/кск (32).jpg,кск (32).jpg,.jpg,1006825,983.2 KB,obo-mne/dostizheniya.html,Диплом,,да
assets/images/dost/кск (4).jpg,кск (4).jpg,.jpg,917192,895.7 KB,obo-mne/dostizheniya.html,КСК соревнования,,да
assets/images/dost/ц.jpg,ц.jpg,.jpg,8992434,8.58 MB,obo-mne/dostizheniya.html,Достижение,,да
assets/images/dost/ц1.jpg,ц1.jpg,.jpg,10522426,10.03 MB,obo-mne/dostizheniya.html,Достижение,,да
assets/images/dost/ц2.jpg,ц2.jpg,.jpg,5475462,5.22 MB,obo-mne/dostizheniya.html,Достижение,,да
assets/images/dost/ы2.jpg,ы2.jpg,.jpg,3214044,3.07 MB,obo-mne/dostizheniya.html,Достижение,,да
assets/images/dost/ы3.jpg,ы3.jpg,.jpg,3192280,3.04 MB,obo-mne/dostizheniya.html,Достижение,,да
assets/images/dost/ы4.jpg,ы4.jpg,.jpg,3200126,3.05 MB,obo-mne/dostizheniya.html,Достижение,,да
assets/images/dost/я.jpg,я.jpg,.jpg,4014419,3.83 MB,obo-mne/dostizheniya.html,Достижение,,да
assets/images/dost/я.png,я.png,.png,72985,71.3 KB,obo-mne/dostizheniya.html,Достижение,,да
assets/images/dost/я111.jpg,я111.jpg,.jpg,2998460,2.86 MB,obo-mne/dostizheniya.html,Достижение,,да
assets/images/dost/я2.jpg,я2.jpg,.jpg,46687,45.6 KB,obo-mne/dostizheniya.html,Достижение,,да
assets/images/dost/яя (1).jpg,яя (1).jpg,.jpg,577410,563.9 KB,obo-mne/dostizheniya.html,Достижение,,да
assets/images/dost/яя (1).png,яя (1).png,.png,786496,768.1 KB,obo-mne/dostizheniya.html,Достижение,,да
assets/images/dost/яя (2).png,яя (2).png,.png,790796,772.3 KB,obo-mne/dostizheniya.html,Благодарность,,да
assets/images/dost/яя (3).png,яя (3).png,.png,732142,715.0 KB,obo-mne/dostizheniya.html,Семинар,,да
assets/images/dost/яя (4).png,яя (4).png,.png,764392,746.5 KB,obo-mne/dostizheniya.html,Достижение,,да
assets/images/dost/яя5.jpg,яя5.jpg,.jpg,894618,873.7 KB,obo-mne/dostizheniya.html,Достижение,,да
assets/images/home/6e77cfa3-abff-4c04-bba9-56fafdc3e556.jpg,6e77cfa3-abff-4c04-bba9-56fafdc3e556.jpg,.jpg,139805,136.5 KB,,,,да
assets/images/home/slideshow/cfaee118-0420-43fb-93dc-7628ecf02c78.jpg,cfaee118-0420-43fb-93dc-7628ecf02c78.jpg,.jpg,236938,231.4 KB,,,,да
assets/images/home/slideshow/img001.jpg,img001.jpg,.jpg,207211,202.4 KB,,,,да
assets/images/home/slideshow/img001.png,img001.png,.png,347657,339.5 KB,,,,да
assets/images/home/slideshow/img002.png,img002.png,.png,610920,596.6 KB,,,,да
assets/images/home/slideshow/img003.png,img003.png,.png,318109,310.7 KB,,,,да
assets/images/home/slideshow/я.jpeg,я.jpeg,.jpeg,195250,190.7 KB,,,,да
assets/images/ikonccilki/MCHS.webp,MCHS.webp,.webp,32216,31.5 KB,assets/components/footer.html,МЧС России,,нет
assets/images/ikonccilki/MNVO.webp,MNVO.webp,.webp,71954,70.3 KB,assets/components/footer.html,Минобрнауки России,,нет
assets/images/ikonccilki/cropped-logo_rosobrnadzor-2.png,cropped-logo_rosobrnadzor-2.png,.png,73953,72.2 KB,assets/components/footer.html,Рособрнадзор,,да
assets/images/ikonccilki/don-logo.svg,don-logo.svg,.svg,166923,163.0 KB,assets/components/footer.html,Правительство Ростовской области,,нет
assets/images/ikonccilki/government.svg,government.svg,.svg,11985,11.7 KB,assets/components/footer.html,Правительство Российской Федерации,,нет
assets/images/ikonccilki/logo_min_rost.png,logo_min_rost.png,.png,239733,234.1 KB,assets/components/footer.html,Министерство образования Ростовской области,,да
assets/images/ikonccilki/min-pr.webp,min-pr.webp,.webp,44362,43.3 KB,assets/components/footer.html,Министерство просвещения РФ,,нет
assets/images/ikonccilki/min-tr.webp,min-tr.webp,.webp,22198,21.7 KB,assets/components/footer.html,Министерство труда и социальной защиты,,нет
assets/images/ikonccilki/pr-rf.webp,pr-rf.webp,.webp,51400,50.2 KB,assets/components/footer.html,Президент Российской Федерации,,нет
assets/images/ikonccilki/prok-rf.webp,prok-rf.webp,.webp,42052,41.1 KB,assets/components/footer.html,Генеральная прокуратура РФ,,нет
assets/images/ikonccilki/rostrud.gov.svg,rostrud.gov.svg,.svg,237495,231.9 KB,assets/components/footer.html,Роструд,,нет
assets/images/ikonccilki/rtn.webp,rtn.webp,.webp,40498,39.5 KB,assets/components/footer.html,Ростехнадзор,,нет
assets/images/kabinet/lab1.jpg,lab1.jpg,.jpg,126065,123.1 KB,index.html,Лаборатория электротехники,,да
assets/images/kabinet/lab2.jpg,lab2.jpg,.jpg,103055,100.6 KB,index.html,Лаборатория IT,,да
assets/images/kabinet/lab3.jpg,lab3.jpg,.jpg,105339,102.9 KB,index.html,Лаборатория КСК,,да
assets/images/kip-foto/Izobrazenie WhatsApp 2024-05-06 v 13.29.11_93d07b54.jpg,Izobrazenie WhatsApp 2024-05-06 v 13.29.11_93d07b54.jpg,.jpg,383066,374.1 KB,,,,да
assets/images/kip-foto/Izobrazenie WhatsApp 2024-05-06 v 13.29.11_ca1210fb.jpg,Izobrazenie WhatsApp 2024-05-06 v 13.29.11_ca1210fb.jpg,.jpg,385784,376.7 KB,,,,да
assets/images/kip-foto/Izobrazenie WhatsApp 2024-05-15 v 10.15.16_1b2668ed.jpg,Izobrazenie WhatsApp 2024-05-15 v 10.15.16_1b2668ed.jpg,.jpg,251031,245.1 KB,,,,да
assets/images/kip-foto/Izobrazenie WhatsApp 2024-05-15 v 10.15.16_c1da49ae.jpg,Izobrazenie WhatsApp 2024-05-15 v 10.15.16_c1da49ae.jpg,.jpg,264773,258.6 KB,,,,да
assets/images/kip-foto/Izobrazenie WhatsApp 2024-05-15 v 10.15.16_c33d1576.jpg,Izobrazenie WhatsApp 2024-05-15 v 10.15.16_c33d1576.jpg,.jpg,282424,275.8 KB,,,,да
assets/images/kip-foto/Izobrazenie WhatsApp 2024-05-15 v 10.15.17_52600ab2.jpg,Izobrazenie WhatsApp 2024-05-15 v 10.15.17_52600ab2.jpg,.jpg,216981,211.9 KB,,,,да
assets/images/kip-foto/Izobrazenie WhatsApp 2024-05-15 v 10.15.17_5b8d7c6d.jpg,Izobrazenie WhatsApp 2024-05-15 v 10.15.17_5b8d7c6d.jpg,.jpg,267119,260.9 KB,,,,да
assets/images/kip-foto/Izobrazenie WhatsApp 2024-05-15 v 10.15.17_a9406d9a.jpg,Izobrazenie WhatsApp 2024-05-15 v 10.15.17_a9406d9a.jpg,.jpg,248693,242.9 KB,,,,да
assets/images/kip-foto/Izobrazenie WhatsApp 2024-05-15 v 10.15.17_d76eac59.jpg,Izobrazenie WhatsApp 2024-05-15 v 10.15.17_d76eac59.jpg,.jpg,268814,262.5 KB,,,,да
assets/images/kip-foto/Izobrazenie WhatsApp 2024-05-15 v 10.15.18_18b453ef.jpg,Izobrazenie WhatsApp 2024-05-15 v 10.15.18_18b453ef.jpg,.jpg,283186,276.5 KB,,,,да
assets/images/kip-foto/Izobrazenie WhatsApp 2024-05-15 v 10.15.18_39906730.jpg,Izobrazenie WhatsApp 2024-05-15 v 10.15.18_39906730.jpg,.jpg,161933,158.1 KB,,,,да
assets/images/kip-foto/Izobrazenie WhatsApp 2024-05-15 v 10.15.18_8c9c1d44.jpg,Izobrazenie WhatsApp 2024-05-15 v 10.15.18_8c9c1d44.jpg,.jpg,293367,286.5 KB,,,,да
assets/images/kip-foto/Izobrazenie WhatsApp 2024-05-16 v 22.19.28_dff8691e.jpg,Izobrazenie WhatsApp 2024-05-16 v 22.19.28_dff8691e.jpg,.jpg,247854,242.0 KB,,,,да
assets/images/kip-foto/Izobrazenie WhatsApp 2024-05-16 v 22.19.29_0b678634.jpg,Izobrazenie WhatsApp 2024-05-16 v 22.19.29_0b678634.jpg,.jpg,239256,233.6 KB,,,,да
assets/images/kip-foto/Izobrazenie WhatsApp 2024-05-24 v 11.56.44_926ff51a.jpg,Izobrazenie WhatsApp 2024-05-24 v 11.56.44_926ff51a.jpg,.jpg,453376,442.8 KB,,,,да
assets/images/kip-foto/slide1.jpg,slide1.jpg,.jpg,251031,245.1 KB,index.html,Занятие КИП,,да
assets/images/kip-foto/slide2.jpg,slide2.jpg,.jpg,216981,211.9 KB,index.html,Практическая работа,,да
assets/images/kip-foto/slide3.jpg,slide3.jpg,.jpg,267119,260.9 KB,index.html,Учебная лаборатория,,да
assets/images/kip-foto/slide4.jpg,slide4.jpg,.jpg,283186,276.5 KB,index.html,Занятие,,да
assets/images/kip-foto/slide6.jpg,slide6.jpg,.jpg,383066,374.1 KB,index.html,Практика,,да
assets/images/new-foto/3b66199b-bacc-4ef1-a576-808ce90b0711.jpg,3b66199b-bacc-4ef1-a576-808ce90b0711.jpg,.jpg,86220,84.2 KB,,,,да
assets/images/new-foto/a24.jpeg,a24.jpeg,.jpeg,1504600,1.43 MB,,,,да
assets/images/new-foto/base_1c685aaaf9.jpg,base_1c685aaaf9.jpg,.jpg,88569,86.5 KB,,,,да
assets/images/new-foto/pam/1.jpeg,1.jpeg,.jpeg,91328,89.2 KB,obo-mne/index.html,Бардаков Дмитрий Николаевич,,да
assets/images/new-foto/pam/2.jpeg,2.jpeg,.jpeg,605548,591.4 KB,,,,да
assets/images/new-foto/pam/3.jpeg,3.jpeg,.jpeg,129972,126.9 KB,,,,да
assets/images/new-foto/pam/4.jpeg,4.jpeg,.jpeg,371756,363.0 KB,,,,да
assets/images/new-foto/pam/5.jpeg,5.jpeg,.jpeg,127566,124.6 KB,,,,да
assets/images/new-foto/pam/6.jpg,6.jpg,.jpg,1618085,1.54 MB,index.html | obo-mne/dostizheniya.html,Практика,,да
assets/images/new-foto/pam/7.jpeg,7.jpeg,.jpeg,112096,109.5 KB,,,,да
assets/images/new-foto/roditelskoe.jpeg,roditelskoe.jpeg,.jpeg,275925,269.5 KB,,,,да
assets/images/new-foto/vos1.jpg,vos1.jpg,.jpg,11679,11.4 KB,,,,да
assets/images/new-foto/vos3.jpg,vos3.jpg,.jpg,15767,15.4 KB,,,,да
assets/images/new-foto/vos4.jpg,vos4.jpg,.jpg,14281,13.9 KB,,,,да
assets/images/new-foto/воспитательная.jpeg,воспитательная.jpeg,.jpeg,131686,128.6 KB,,,,да
assets/images/new-foto/грамоты.jpeg,грамоты.jpeg,.jpeg,336347,328.5 KB,,,,да
assets/images/new-foto/методическая работа.jpeg,методическая работа.jpeg,.jpeg,338728,330.8 KB,,,,да
assets/images/new-foto/плакат.jpeg,плакат.jpeg,.jpeg,132916,129.8 KB,,,,да
assets/images/new-foto/помощь мобилизованным.jpeg,помощь мобилизованным.jpeg,.jpeg,108406,105.9 KB,,,,да
assets/images/new-foto/помощь пожилым.jpeg,помощь пожилым.jpeg,.jpeg,234568,229.1 KB,vospitanie/index.html,Помощь ветерану,,да
assets/images/new-foto/уборка территории.jpeg,уборка территории.jpeg,.jpeg,367928,359.3 KB,vospitanie/index.html,Уборка территории,,да
assets/images/new-foto/я.jpeg,я.jpeg,.jpeg,195250,190.7 KB,,,,да
assets/images/new-foto/я1.jpeg,я1.jpeg,.jpeg,286895,280.2 KB,obo-mne/index.html,Бардаков Дмитрий Николаевич,,да
assets/images/new-foto/я2.jpeg,я2.jpeg,.jpeg,376513,367.7 KB,,,,да
assets/images/pam/1.jpg,1.jpg,.jpg,91328,89.2 KB,index.html | obo-mne/dostizheniya.html | abiturientu/professii/15-01-31-master-kip.html | abiturientu/professii/43-01-09-povar-konditer.html | abiturientu/professii/15-01-05-svarshchik.html,Занятие КИП,,да
assets/images/pam/2.jpg,2.jpg,.jpg,605548,591.4 KB,index.html | obo-mne/dostizheniya.html | abiturientu/professii/15-01-31-master-kip.html | abiturientu/professii/15-01-05-svarshchik.html,Практическая работа,,да
assets/images/pam/3.jpg,3.jpg,.jpg,129972,126.9 KB,index.html | obo-mne/dostizheniya.html,Учебная лаборатория,,да
assets/images/pm02/1.jpg,1.jpg,.jpg,5272,5.1 KB,index.html | obo-mne/dostizheniya.html | abiturientu/professii/15-01-31-master-kip.html | abiturientu/professii/43-01-09-povar-konditer.html | abiturientu/professii/15-01-05-svarshchik.html,Занятие КИП,,да
assets/images/pm02/10.jpg,10.jpg,.jpg,9060,8.8 KB,,,,да
assets/images/pm02/11.jpg,11.jpg,.jpg,3523,3.4 KB,obo-mne/dostizheniya.html,Достижение,,да
assets/images/pm02/12.jpg,12.jpg,.jpg,90366,88.2 KB,obo-mne/dostizheniya.html,Достижение,,да
assets/images/pm02/124435346.jpeg,124435346.jpeg,.jpeg,29646,29.0 KB,,,,да
assets/images/pm02/12465464.png,12465464.png,.png,2589,2.5 KB,,,,да
assets/images/pm02/2.jpg,2.jpg,.jpg,4732,4.6 KB,index.html | obo-mne/dostizheniya.html | abiturientu/professii/15-01-31-master-kip.html | abiturientu/professii/15-01-05-svarshchik.html,Практическая работа,,да
assets/images/pm02/20.png,20.png,.png,9779,9.5 KB,,,,да
assets/images/pm02/21.png,21.png,.png,63843,62.3 KB,,,,да
assets/images/pm02/22.png,22.png,.png,23124,22.6 KB,,,,да
assets/images/pm02/23.png,23.png,.png,98164,95.9 KB,,,,да
assets/images/pm02/24.png,24.png,.png,24719,24.1 KB,,,,да
assets/images/pm02/25.png,25.png,.png,25123,24.5 KB,,,,да
assets/images/pm02/26.png,26.png,.png,37075,36.2 KB,,,,да
assets/images/pm02/3.jpg,3.jpg,.jpg,3987,3.9 KB,index.html | obo-mne/dostizheniya.html,Учебная лаборатория,,да
assets/images/pm02/34534433.png,34534433.png,.png,29236,28.6 KB,,,,да
assets/images/pm02/4.jpg,4.jpg,.jpg,4113,4.0 KB,index.html | obo-mne/dostizheniya.html,Занятие,,да
assets/images/pm02/4.png,4.png,.png,33740,32.9 KB,,,,да
assets/images/pm02/43654376457.jpg,43654376457.jpg,.jpg,45850,44.8 KB,,,,да
assets/images/pm02/5.jpg,5.jpg,.jpg,4038,3.9 KB,obo-mne/dostizheniya.html,Достижение,,да
assets/images/pm02/5.png,5.png,.png,46827,45.7 KB,obuchenie/kip/prakticheskie-kip/prakticheskaya-rabota-no1.html,Схема заземления,,да
assets/images/pm02/523552.png,523552.png,.png,1003,1003 B,,,,да
assets/images/pm02/54675475684.png,54675475684.png,.png,2584,2.5 KB,,,,да
assets/images/pm02/6.jpg,6.jpg,.jpg,6935,6.8 KB,index.html | obo-mne/dostizheniya.html,Практика,,да
assets/images/pm02/7.jpg,7.jpg,.jpg,6154,6.0 KB,obo-mne/dostizheniya.html,Достижение,,да
assets/images/pm02/8.jpg,8.jpg,.jpg,12203,11.9 KB,obuchenie/ksk.html | abiturientu/professii/08-01-07-master-obshchestroitelnykh-rabot.html | abiturientu/professii/15-01-31-master-kip.html | abiturientu/professii/43-01-09-povar-konditer.html | abiturientu/professii/15-01-05-svarshchik.html | abiturientu/professii/prodavets-kontroler-kassir.html | abiturientu/professii/13-01-10-elektromonter.html,Лаборатория вычислительной техники,,да
assets/images/pm02/9.jpg,9.jpg,.jpg,6620,6.5 KB,obo-mne/dostizheniya.html,Достижение,,да
assets/images/pm02/headers/156.jpg,156.jpg,.jpg,3613174,3.45 MB,,,,да
assets/images/pm02/headers/20181219_100315.jpg,20181219_100315.jpg,.jpg,2196672,2.09 MB,,,,да
assets/images/pm02/headers/6YcvwBER834.jpg,6YcvwBER834.jpg,.jpg,274115,267.7 KB,,,,да
assets/images/pm02/headers/QSJUYKQffME.jpg,QSJUYKQffME.jpg,.jpg,229469,224.1 KB,,,,да
assets/images/pm02/headers/hQC3H3UsmTY.jpg,hQC3H3UsmTY.jpg,.jpg,240150,234.5 KB,,,,да
assets/images/pm02/headers/lekcii.png,lekcii.png,.png,717096,700.3 KB,,,,да
assets/images/pm02/headers/olB4ymFmElg.jpg,olB4ymFmElg.jpg,.jpg,226867,221.5 KB,,,,да
assets/images/pm02/headers/wHMDd3ELAe4.jpg,wHMDd3ELAe4.jpg,.jpg,264364,258.2 KB,,,,да
assets/images/pm02/image005.png,image005.png,.png,44555,43.5 KB,,,,да
assets/images/pm02/image009.png,image009.png,.png,39680,38.8 KB,,,,да
assets/images/pm02/lekc/1.1.1.png,1.1.1.png,.png,46909,45.8 KB,,,,да
assets/images/pm02/lekc/1.1.2.png,1.1.2.png,.png,28529,27.9 KB,,,,да
assets/images/pm02/lekc/1.1.3.png,1.1.3.png,.png,42283,41.3 KB,,,,да
assets/images/pm02/lekc/1.2.1.png,1.2.1.png,.png,10619,10.4 KB,,,,да
assets/images/pm02/lekc/1.2.2.png,1.2.2.png,.png,21253,20.8 KB,,,,да
assets/images/pm02/lekc/1.2.3.png,1.2.3.png,.png,33489,32.7 KB,,,,да
assets/images/pm02/lekc/1.2.4.png,1.2.4.png,.png,39509,38.6 KB,,,,да
assets/images/pm02/lekc/1.2.5.png,1.2.5.png,.png,33592,32.8 KB,,,,да
assets/images/pm02/lekc/1.2.6.png,1.2.6.png,.png,52544,51.3 KB,,,,да
assets/images/pm02/lekc/1.2.7.bmp,1.2.7.bmp,.bmp,175606,171.5 KB,,,,да
assets/images/pm02/lekc/1.2.8.png,1.2.8.png,.png,20772,20.3 KB,,,,да
assets/images/pm02/lekc/1.3.1.png,1.3.1.png,.png,21176,20.7 KB,,,,да
assets/images/pm02/lekc/1.3.10.png,1.3.10.png,.png,19311,18.9 KB,,,,да
assets/images/pm02/lekc/1.3.11.png,1.3.11.png,.png,15528,15.2 KB,,,,да
assets/images/pm02/lekc/1.3.12.png,1.3.12.png,.png,7505,7.3 KB,,,,да
assets/images/pm02/lekc/1.3.13.png,1.3.13.png,.png,8847,8.6 KB,,,,да
assets/images/pm02/lekc/1.3.14.png,1.3.14.png,.png,21591,21.1 KB,,,,да
assets/images/pm02/lekc/1.3.15.png,1.3.15.png,.png,17695,17.3 KB,,,,да
assets/images/pm02/lekc/1.3.16.png,1.3.16.png,.png,4752,4.6 KB,,,,да
assets/images/pm02/lekc/1.3.17.png,1.3.17.png,.png,7665,7.5 KB,,,,да
assets/images/pm02/lekc/1.3.18.png,1.3.18.png,.png,6364,6.2 KB,,,,да
assets/images/pm02/lekc/1.3.19.png,1.3.19.png,.png,24515,23.9 KB,,,,да
assets/images/pm02/lekc/1.3.2.png,1.3.2.png,.png,17957,17.5 KB,,,,да
assets/images/pm02/lekc/1.3.3.png,1.3.3.png,.png,34035,33.2 KB,,,,да
assets/images/pm02/lekc/1.3.4.png,1.3.4.png,.png,112788,110.1 KB,,,,да
assets/images/pm02/lekc/1.3.5.png,1.3.5.png,.png,29540,28.8 KB,,,,да
assets/images/pm02/lekc/1.3.6.png,1.3.6.png,.png,3445,3.4 KB,,,,да
assets/images/pm02/lekc/1.3.7.png,1.3.7.png,.png,48548,47.4 KB,,,,да
assets/images/pm02/lekc/1.3.8.png,1.3.8.png,.png,29040,28.4 KB,,,,да
assets/images/pm02/lekc/1.3.9.png,1.3.9.png,.png,5747,5.6 KB,,,,да
assets/images/pm02/lekc/1.4.1.png,1.4.1.png,.png,7121,7.0 KB,,,,да
assets/images/pm02/lekc/1.4.10.png,1.4.10.png,.png,14230,13.9 KB,,,,да
assets/images/pm02/lekc/1.4.11.png,1.4.11.png,.png,24960,24.4 KB,,,,да
assets/images/pm02/lekc/1.4.2.png,1.4.2.png,.png,19081,18.6 KB,,,,да
assets/images/pm02/lekc/1.4.3.png,1.4.3.png,.png,18177,17.8 KB,,,,да
assets/images/pm02/lekc/1.4.4.png,1.4.4.png,.png,17559,17.1 KB,,,,да
assets/images/pm02/lekc/1.4.5.png,1.4.5.png,.png,12913,12.6 KB,,,,да
assets/images/pm02/lekc/1.4.6.png,1.4.6.png,.png,18825,18.4 KB,,,,да
assets/images/pm02/lekc/1.4.7.png,1.4.7.png,.png,5285,5.2 KB,,,,да
assets/images/pm02/lekc/1.4.8.png,1.4.8.png,.png,6594,6.4 KB,,,,да
assets/images/pm02/lekc/1.4.9.png,1.4.9.png,.png,23639,23.1 KB,,,,да
assets/images/pm02/lekc/1.5.1.png,1.5.1.png,.png,12824,12.5 KB,,,,да
assets/images/pm02/lekc/1.5.2.png,1.5.2.png,.png,24204,23.6 KB,,,,да
assets/images/pm02/lekc/1.5.3.png,1.5.3.png,.png,24974,24.4 KB,,,,да
assets/images/pm02/lekc/1.5.4.png,1.5.4.png,.png,34579,33.8 KB,,,,да
assets/images/pm02/lekc/1.5.5.png,1.5.5.png,.png,15372,15.0 KB,,,,да
assets/images/pm02/lekc/1.5.6.png,1.5.6.png,.png,8267,8.1 KB,,,,да
assets/images/pm02/lekc/1.5.7.png,1.5.7.png,.png,14143,13.8 KB,,,,да
assets/images/pm02/lekc/1.5.8.png,1.5.8.png,.png,16072,15.7 KB,,,,да
assets/images/pm02/lekc/1.5.9.png,1.5.9.png,.png,17177,16.8 KB,,,,да
assets/images/pm02/lekc/1.6.1.png,1.6.1.png,.png,2898,2.8 KB,,,,да
assets/images/pm02/lekc/1.6.2.png,1.6.2.png,.png,13828,13.5 KB,,,,да
assets/images/pm02/lekc/1.6.3.png,1.6.3.png,.png,6361,6.2 KB,,,,да
assets/images/pm02/lekc/1.6.4.png,1.6.4.png,.png,9628,9.4 KB,,,,да
assets/images/pm02/lekc/1.6.5.png,1.6.5.png,.png,22236,21.7 KB,,,,да
assets/images/pm02/lekc/1.7.1.png,1.7.1.png,.png,7662,7.5 KB,,,,да
assets/images/pm02/lekc/1.7.2.png,1.7.2.png,.png,9669,9.4 KB,,,,да
assets/images/pm02/lekc/1.7.3.png,1.7.3.png,.png,14348,14.0 KB,,,,да
assets/images/pm02/lekc/1.7.4.png,1.7.4.png,.png,8090,7.9 KB,,,,да
assets/images/pm02/lekc/2.1.1.png,2.1.1.png,.png,31904,31.2 KB,,,,да
assets/images/pm02/lekc/vols-25_1.jpg,vols-25_1.jpg,.jpg,5700,5.6 KB,,,,да
assets/images/pm02/prakt/1.bmp,1.bmp,.bmp,254998,249.0 KB,,,,да
assets/images/pm02/prakt/10.jpg,10.jpg,.jpg,35737,34.9 KB,,,,да
assets/images/pm02/prakt/11.jpg,11.jpg,.jpg,28550,27.9 KB,obo-mne/dostizheniya.html,Достижение,,да
assets/images/pm02/prakt/12.jpg,12.jpg,.jpg,14962,14.6 KB,obo-mne/dostizheniya.html,Достижение,,да
assets/images/pm02/prakt/13.jpg,13.jpg,.jpg,17283,16.9 KB,obo-mne/dostizheniya.html,Достижение,,да
assets/images/pm02/prakt/14.jpg,14.jpg,.jpg,92398,90.2 KB,,,,да
assets/images/pm02/prakt/15.1.jpg,15.1.jpg,.jpg,42513,41.5 KB,,,,да
assets/images/pm02/prakt/15.10.jpg,15.10.jpg,.jpg,25529,24.9 KB,,,,да
assets/images/pm02/prakt/15.2.jpg,15.2.jpg,.jpg,42915,41.9 KB,,,,да
assets/images/pm02/prakt/15.3.jpg,15.3.jpg,.jpg,40753,39.8 KB,,,,да
assets/images/pm02/prakt/15.4.jpg,15.4.jpg,.jpg,41640,40.7 KB,,,,да
assets/images/pm02/prakt/15.5.jpg,15.5.jpg,.jpg,43018,42.0 KB,,,,да
assets/images/pm02/prakt/15.6.jpg,15.6.jpg,.jpg,44397,43.4 KB,,,,да
assets/images/pm02/prakt/15.7.jpg,15.7.jpg,.jpg,45018,44.0 KB,,,,да
assets/images/pm02/prakt/15.8.jpg,15.8.jpg,.jpg,39877,38.9 KB,,,,да
assets/images/pm02/prakt/15.9.jpg,15.9.jpg,.jpg,20663,20.2 KB,,,,да
assets/images/pm02/prakt/16.1.jpg,16.1.jpg,.jpg,17330,16.9 KB,,,,да
assets/images/pm02/prakt/16.2.JPG,16.2.JPG,.jpg,21713,21.2 KB,,,,да
assets/images/pm02/prakt/16.3.JPG,16.3.JPG,.jpg,23453,22.9 KB,,,,да
assets/images/pm02/prakt/16.4.JPG,16.4.JPG,.jpg,25873,25.3 KB,,,,да
assets/images/pm02/prakt/16.5.JPG,16.5.JPG,.jpg,11124,10.9 KB,,,,да
assets/images/pm02/prakt/16.6.jpg,16.6.jpg,.jpg,18121,17.7 KB,,,,да
assets/images/pm02/prakt/166.jpg,166.jpg,.jpg,18121,17.7 KB,,,,да
assets/images/pm02/prakt/17.1.JPG,17.1.JPG,.jpg,17219,16.8 KB,,,,да
assets/images/pm02/prakt/17.2.JPG,17.2.JPG,.jpg,22165,21.6 KB,,,,да
assets/images/pm02/prakt/17.3.JPG,17.3.JPG,.jpg,22988,22.4 KB,,,,да
assets/images/pm02/prakt/17.4.JPG,17.4.JPG,.jpg,26257,25.6 KB,,,,да
assets/images/pm02/prakt/17.5.JPG,17.5.JPG,.jpg,11274,11.0 KB,,,,да
assets/images/pm02/prakt/17.6.jpg,17.6.jpg,.jpg,28426,27.8 KB,,,,да
assets/images/pm02/prakt/176.jpg,176.jpg,.jpg,28426,27.8 KB,,,,да
assets/images/pm02/prakt/18.jpg,18.jpg,.jpg,20649,20.2 KB,,,,да
assets/images/pm02/prakt/19.1.jpg,19.1.jpg,.jpg,48732,47.6 KB,,,,да
assets/images/pm02/prakt/19.2.jpg,19.2.jpg,.jpg,44024,43.0 KB,,,,да
assets/images/pm02/prakt/19.3.jpg,19.3.jpg,.jpg,39658,38.7 KB,,,,да
assets/images/pm02/prakt/19.4.jpg,19.4.jpg,.jpg,39748,38.8 KB,,,,да
assets/images/pm02/prakt/19.5.jpg,19.5.jpg,.jpg,32656,31.9 KB,,,,да
assets/images/pm02/prakt/19.6.jpg,19.6.jpg,.jpg,39478,38.6 KB,,,,да
assets/images/pm02/prakt/19.7.jpg,19.7.jpg,.jpg,32405,31.6 KB,,,,да
assets/images/pm02/prakt/19.8.jpg,19.8.jpg,.jpg,26935,26.3 KB,,,,да
assets/images/pm02/prakt/2.1.jpg,2.1.jpg,.jpg,66576,65.0 KB,,,,да
assets/images/pm02/prakt/2.2.jpg,2.2.jpg,.jpg,205880,201.1 KB,,,,да
assets/images/pm02/prakt/2.bmp,2.bmp,.bmp,277614,271.1 KB,,,,да
assets/images/pm02/prakt/20.1.jpg,20.1.jpg,.jpg,14579,14.2 KB,,,,да
assets/images/pm02/prakt/20.2.jpg,20.2.jpg,.jpg,10159,9.9 KB,,,,да
assets/images/pm02/prakt/21.1.jpg,21.1.jpg,.jpg,39732,38.8 KB,,,,да
assets/images/pm02/prakt/21.2.jpg,21.2.jpg,.jpg,34094,33.3 KB,,,,да
assets/images/pm02/prakt/21.3.jpg,21.3.jpg,.jpg,37345,36.5 KB,,,,да
assets/images/pm02/prakt/21.4.jpg,21.4.jpg,.jpg,22171,21.7 KB,,,,да
assets/images/pm02/prakt/21.5.jpg,21.5.jpg,.jpg,39556,38.6 KB,,,,да
assets/images/pm02/prakt/21.6.jpg,21.6.jpg,.jpg,37345,36.5 KB,,,,да
assets/images/pm02/prakt/23.jpg,23.jpg,.jpg,83490,81.5 KB,,,,да
assets/images/pm02/prakt/24.1.jpg,24.1.jpg,.jpg,55817,54.5 KB,,,,да
assets/images/pm02/prakt/24.2.jpg,24.2.jpg,.jpg,104578,102.1 KB,,,,да
assets/images/pm02/prakt/25.jpg,25.jpg,.jpg,29481,28.8 KB,,,,да
assets/images/pm02/prakt/26.1.jpg,26.1.jpg,.jpg,36827,36.0 KB,,,,да
assets/images/pm02/prakt/26.2.jpg,26.2.jpg,.jpg,416358,406.6 KB,,,,да
assets/images/pm02/prakt/26.3.jpg,26.3.jpg,.jpg,388180,379.1 KB,,,,да
assets/images/pm02/prakt/3.1.jpg,3.1.jpg,.jpg,38321,37.4 KB,,,,да
assets/images/pm02/prakt/3.2.jpg,3.2.jpg,.jpg,31285,30.6 KB,,,,да
assets/images/pm02/prakt/3.3.jpg,3.3.jpg,.jpg,35474,34.6 KB,,,,да
assets/images/pm02/prakt/3.bmp,3.bmp,.bmp,391302,382.1 KB,,,,да
assets/images/pm02/prakt/6.jpg,6.jpg,.jpg,19968,19.5 KB,index.html | obo-mne/dostizheniya.html,Практика,,да
assets/images/pm02/prakt/7.jpg,7.jpg,.jpg,19098,18.7 KB,obo-mne/dostizheniya.html,Достижение,,да
assets/images/pm02/prakt/8.jpg,8.jpg,.jpg,14877,14.5 KB,obuchenie/ksk.html | abiturientu/professii/08-01-07-master-obshchestroitelnykh-rabot.html | abiturientu/professii/15-01-31-master-kip.html | abiturientu/professii/43-01-09-povar-konditer.html | abiturientu/professii/15-01-05-svarshchik.html | abiturientu/professii/prodavets-kontroler-kassir.html | abiturientu/professii/13-01-10-elektromonter.html,Лаборатория вычислительной техники,,да
assets/images/pm02/prakt/9.jpg,9.jpg,.jpg,27739,27.1 KB,obo-mne/dostizheniya.html,Достижение,,да
assets/images/pm02/prakt/kip/1.png,1.png,.png,5734,5.6 KB,obuchenie/kip/prakticheskie-kip/prakticheskaya-rabota-no1.html,Принципиальная схема,,да
assets/images/pm02/prakt/kip/10.png,10.png,.png,6615,6.5 KB,,,,да
assets/images/pm02/prakt/kip/2.png,2.png,.png,6681,6.5 KB,assets/components/footer.html | obuchenie/kip/prakticheskie-kip/prakticheskaya-rabota-no1.html,Рособрнадзор,,да
assets/images/pm02/prakt/kip/3.png,3.png,.png,4046,4.0 KB,,,,да
assets/images/pm02/prakt/kip/4.png,4.png,.png,7737,7.6 KB,,,,да
assets/images/pm02/prakt/kip/41.png,41.png,.png,2007,2.0 KB,,,,да
assets/images/pm02/prakt/kip/42.png,42.png,.png,2053,2.0 KB,,,,да
assets/images/pm02/prakt/kip/5.png,5.png,.png,10679,10.4 KB,obuchenie/kip/prakticheskie-kip/prakticheskaya-rabota-no1.html,Схема заземления,,да
assets/images/pm02/prakt/kip/6.png,6.png,.png,19434,19.0 KB,,,,да
assets/images/pm02/prakt/kip/7.png,7.png,.png,8390,8.2 KB,,,,да
assets/images/pm02/prakt/kip/8.png,8.png,.png,7899,7.7 KB,,,,да
assets/images/pm02/prakt/kip/9.png,9.png,.png,4932,4.8 KB,,,,да
assets/images/pm02/prakt/pr6.png,pr6.png,.png,279047,272.5 KB,,,,да
assets/images/prakt/kip/1.png,1.png,.png,5734,5.6 KB,obuchenie/kip/prakticheskie-kip/prakticheskaya-rabota-no1.html,Принципиальная схема,,да
assets/images/prakt/kip/10.png,10.png,.png,6615,6.5 KB,,,,да
assets/images/prakt/kip/2.png,2.png,.png,6681,6.5 KB,assets/components/footer.html | obuchenie/kip/prakticheskie-kip/prakticheskaya-rabota-no1.html,Рособрнадзор,,да
assets/images/prakt/kip/3.png,3.png,.png,4046,4.0 KB,,,,да
assets/images/prakt/kip/4.png,4.png,.png,7737,7.6 KB,,,,да
assets/images/prakt/kip/41.png,41.png,.png,2007,2.0 KB,,,,да
assets/images/prakt/kip/42.png,42.png,.png,2053,2.0 KB,,,,да
assets/images/prakt/kip/5.png,5.png,.png,10679,10.4 KB,obuchenie/kip/prakticheskie-kip/prakticheskaya-rabota-no1.html,Схема заземления,,да
assets/images/prakt/kip/6.png,6.png,.png,19434,19.0 KB,,,,да
assets/images/prakt/kip/7.png,7.png,.png,8390,8.2 KB,,,,да
assets/images/prakt/kip/8.png,8.png,.png,7899,7.7 KB,,,,да
assets/images/prakt/kip/9.png,9.png,.png,4932,4.8 KB,,,,да
assets/images/prakt/kip/pr6.png,pr6.png,.png,279047,272.5 KB,,,,да
assets/images/teacher.jpg,teacher.jpg,.jpg,286895,280.2 KB,index.html,Преподаватель,,да
assets/images/teacher2.jpg,teacher2.jpg,.jpg,376513,367.7 KB,,,,да
assets/images/zazemlenie/Image_005.png,Image_005.png,.png,5556,5.4 KB,obuchenie/kip/prakticheskie-kip/prakticheskaya-rabota-no1.html,Схема заземления,,да
