old_url,new_url,status,lastmod,priority,notes
/obuchenie/kip/prakticheskie-kip/prakticheskaya-rabota-no8,/obuchenie/kip/prakticheskie-kip/prakticheskaya-rabota-no8/,301,2024-09-09T09:31:33+03:00,0.1,✅ совпадает с new-stack
/abiturientu/spetsialnosti/kompyuternye-sistemy-i-kompleksy,/abiturientu/spetsialnosti/kompyuternye-sistemy-i-kompleksy/,301,2024-09-09T09:28:24+03:00,0.4,✅ совпадает с new-stack
/obuchenie/kip/prakticheskie-kip/prakticheskaya-rabota-no5,/obuchenie/kip/prakticheskie-kip/prakticheskaya-rabota-no5/,301,2024-09-09T09:34:33+03:00,0.1,✅ совпадает с new-stack
/abiturientu/professii/08-01-07-master-obshchestroitelnykh-rabot,/abiturientu/professii/08-01-07-master-obshchestroitelnykh-rabot/,301,2024-09-09T09:28:21+03:00,0.4,✅ совпадает с new-stack
/obuchenie/kip/prakticheskie-kip/prakticheskaya-rabota-no7,/obuchenie/kip/prakticheskie-kip/prakticheskaya-rabota-no7/,301,2024-09-09T09:33:41+03:00,0.1,✅ совпадает с new-stack
/abiturientu/professii/prodavets-kontroler-kassir,/abiturientu/professii/prodavets-kontroler-kassir/,301,2024-09-09T09:27:55+03:00,0.4,✅ совпадает с new-stack
/vospitanie/dlya-roditelej/kak-ne-dopustit-suitsid-u-podrostka,/vospitanie/dlya-roditelej/kak-ne-dopustit-suitsid-u-podrostka/,301,2024-09-09T09:35:28+03:00,0.4,✅ совпадает с new-stack
/obuchenie/elektromonter,/obuchenie/elektromonter/,301,2024-09-09T09:27:40+03:00,0.6,✅ совпадает с new-stack
/obuchenie/kip/prakticheskie-kip/prakticheskaya-rabota-no1,/obuchenie/kip/prakticheskie-kip/prakticheskaya-rabota-no1/,301,2024-09-09T09:34:26+03:00,0.1,✅ совпадает с new-stack
/vospitanie/razgovory-o-vazhnom,/vospitanie/razgovory-o-vazhnom/,301,2024-09-09T09:27:43+03:00,0.6,✅ совпадает с new-stack
/vospitanie/dlya-roditelej/kak-pomoch-podrostku-spravlyatsya-so-stressom,/vospitanie/dlya-roditelej/kak-pomoch-podrostku-spravlyatsya-so-stressom/,301,2024-09-09T09:31:27+03:00,0.4,✅ совпадает с new-stack
/private,/private/,301,2024-09-09T09:29:01+03:00,0.8,⚠️ проверить (нет в new-stack)
/abiturientu/dokumentatsiya,/abiturientu/dokumentatsiya/,301,2024-09-09T09:28:58+03:00,0.6,✅ совпадает с new-stack
/obuchenie/kip/prakticheskie-kip,/obuchenie/kip/prakticheskie-kip/,301,2024-09-09T09:29:13+03:00,0.4,✅ совпадает с new-stack
/obuchenie,/obuchenie/,301,2024-09-09T09:28:01+03:00,0.8,✅ совпадает с new-stack
/obo-mne/dostizheniya,/obo-mne/dostizheniya/,301,2024-09-09T09:28:55+03:00,0.6,✅ совпадает с new-stack
/vospitanie/dlya-roditelej/yuridicheskaya-otvetstvennost,/vospitanie/dlya-roditelej/yuridicheskaya-otvetstvennost/,301,2024-09-09T09:34:48+03:00,0.4,✅ совпадает с new-stack
/abiturientu/spetsialnosti/ekonomika-i-bukhgalterskij-uchet-po-otraslyam,/abiturientu/spetsialnosti/ekonomika-i-bukhgalterskij-uchet-po-otraslyam/,301,2024-09-09T09:28:52+03:00,0.4,⚠️ проверить (нет в new-stack)
/abiturientu/professii/13-01-10-elektromonter-po-remontu-i-obsluzhivaniyu-elektrooborudovaniya-po-otraslyam,/abiturientu/professii/13-01-10-elektromonter-po-remontu-i-obsluzhivaniyu-elektrooborudovaniya-po-otraslyam/,301,2024-09-09T09:27:46+03:00,0.4,⚠️ проверить (нет в new-stack)
/obuchenie/pm02/lektsii/razdel-1,/obuchenie/pm02/lektsii/razdel-1/,301,2024-09-09T09:28:42+03:00,0.1,✅ совпадает с new-stack
/abiturientu/professii/43-01-09-povar-konditer,/abiturientu/professii/43-01-09-povar-konditer/,301,2024-09-09T09:28:27+03:00,0.4,✅ совпадает с new-stack
/abiturientu,/abiturientu/,301,2024-09-09T09:27:37+03:00,0.8,✅ совпадает с new-stack
/obuchenie/pm02/lektsii,/obuchenie/pm02/lektsii/,301,2024-09-09T09:28:33+03:00,0.4,✅ совпадает с new-stack
/obuchenie/pm02/lektsii/razdel-1/tema-1-1-organizatsiya-rabot-po-montazhu-sistem-avtomatizatsii/podgotovka-k-proizvodstvu-montazhnykh-rabot,/obuchenie/pm02/lektsii/razdel-1/tema-1-1-organizatsiya-rabot-po-montazhu-sistem-avtomatizatsii/podgotovka-k-proizvodstvu-montazhnykh-rabot/,301,2024-09-09T09:28:11+03:00,0.1,⚠️ проверить (нет в new-stack)
/abiturientu/professii/15-01-05-svarshchik-ruchnoj-i-chastichno-mekhanizirovannoj-svarki-naplavki,/abiturientu/professii/15-01-05-svarshchik-ruchnoj-i-chastichno-mekhanizirovannoj-svarki-naplavki/,301,2024-09-09T09:27:59+03:00,0.4,⚠️ проверить (нет в new-stack)
/obuchenie/kip/prakticheskie-kip/prakticheskaya-rabota-no4,/obuchenie/kip/prakticheskie-kip/prakticheskaya-rabota-no4/,301,2024-09-09T09:32:27+03:00,0.1,✅ совпадает с new-stack
/obuchenie/kip/prakticheskie-kip/prakticheskaya-rabota-no9,/obuchenie/kip/prakticheskie-kip/prakticheskaya-rabota-no9/,301,2024-09-09T09:33:28+03:00,0.1,✅ совпадает с new-stack
/obuchenie/pm02/lektsii/razdel-1/tema-1-1-organizatsiya-rabot-po-montazhu-sistem-avtomatizatsii/priemka-obekta-pod-montazh,/obuchenie/pm02/lektsii/razdel-1/tema-1-1-organizatsiya-rabot-po-montazhu-sistem-avtomatizatsii/priemka-obekta-pod-montazh/,301,2024-09-09T09:28:14+03:00,0.1,⚠️ проверить (нет в new-stack)
/vospitanie,/vospitanie/,301,2024-09-09T09:28:46+03:00,0.8,✅ совпадает с new-stack
/obuchenie/pm02/lektsii/razdel-1/tema-1-1-organizatsiya-rabot-po-montazhu-sistem-avtomatizatsii,/obuchenie/pm02/lektsii/razdel-1/tema-1-1-organizatsiya-rabot-po-montazhu-sistem-avtomatizatsii/,301,2024-09-09T09:27:49+03:00,0.1,⚠️ проверить (нет в new-stack)
/obuchenie/kip,/obuchenie/kip/,301,2024-09-09T09:29:11+03:00,0.6,✅ совпадает с new-stack
/,/,301,2024-09-09T09:19:40+03:00,1.0,✅ совпадает с new-stack
/obuchenie/kip/prakticheskie-kip/prakticheskaya-rabota-no2,/obuchenie/kip/prakticheskie-kip/prakticheskaya-rabota-no2/,301,2024-09-09T09:34:56+03:00,0.1,✅ совпадает с new-stack
/abiturientu/professii/15-01-31-master-kontrolno-izmeritelnykh-priborov-i-avtomatiki,/abiturientu/professii/15-01-31-master-kontrolno-izmeritelnykh-priborov-i-avtomatiki/,301,2024-09-09T09:28:08+03:00,0.4,⚠️ проверить (нет в new-stack)
/obo-mne/kontakty,/obo-mne/kontakty/,301,2024-09-09T09:28:36+03:00,0.6,✅ совпадает с new-stack
/vospitanie/dlya-roditelej/nuzhno-li-obsuzhdat-s-rebenkom-temu-alkogolya-i-narkotikov,/vospitanie/dlya-roditelej/nuzhno-li-obsuzhdat-s-rebenkom-temu-alkogolya-i-narkotikov/,301,2024-09-09T09:29:22+03:00,0.4,✅ совпадает с new-stack
/vospitanie/dlya-roditelej/prakticheskie-sovety-roditelyam-vo-vremya-ekzamena,/vospitanie/dlya-roditelej/prakticheskie-sovety-roditelyam-vo-vremya-ekzamena/,301,2024-09-09T09:33:16+03:00,0.4,✅ совпадает с new-stack
/obuchenie/kip/prakticheskie-kip/prakticheskaya-rabota-no6,/obuchenie/kip/prakticheskie-kip/prakticheskaya-rabota-no6/,301,2024-09-09T09:30:55+03:00,0.1,✅ совпадает с new-stack
/obuchenie/kip/prakticheskie-kip/prakticheskaya-rabota-no3,/obuchenie/kip/prakticheskie-kip/prakticheskaya-rabota-no3/,301,2024-09-09T09:33:59+03:00,0.1,✅ совпадает с new-stack
/vospitanie/dlya-roditelej/16-vazhnykh-pravil-pro-eto,/vospitanie/dlya-roditelej/16-vazhnykh-pravil-pro-eto/,301,2024-09-09T09:33:55+03:00,0.4,✅ совпадает с new-stack
/vospitanie/dlya-roditelej,/vospitanie/dlya-roditelej/,301,2024-09-09T09:27:52+03:00,0.6,✅ совпадает с new-stack
/vospitanie/prakticheskie-sovety-studentam,/vospitanie/prakticheskie-sovety-studentam/,301,2024-09-09T09:35:21+03:00,0.6,✅ совпадает с new-stack
/obo-mne/metodicheskaya-rabota,/obo-mne/metodicheskaya-rabota/,301,2024-09-09T09:28:30+03:00,0.6,✅ совпадает с new-stack
/obuchenie/kip/prakticheskie-kip/prakticheskaya-rabota-no5?format=pdf&tmpl=component,/obuchenie/kip/prakticheskie-kip/prakticheskaya-rabota-no5/,301,2024-09-09T09:37:27+03:00,0.1,PDF-версия страницы → редирект на основной URL
/abiturientu/professii/15-01-31-master-kontrolno-izmeritelnykh-priborov-i-avtomatiki?format=pdf&tmpl=component,/abiturientu/professii/15-01-31-master-kontrolno-izmeritelnykh-priborov-i-avtomatiki/,301,2024-09-09T09:31:55+03:00,0.4,PDF-версия страницы → редирект на основной URL
/obuchenie/kip/prakticheskie-kip/prakticheskaya-rabota-no6?format=pdf&tmpl=component,/obuchenie/kip/prakticheskie-kip/prakticheskaya-rabota-no6/,301,2024-09-09T09:37:28+03:00,0.1,PDF-версия страницы → редирект на основной URL
/abiturientu/dokumentatsiya?format=pdf&tmpl=component,/abiturientu/dokumentatsiya/,301,2024-09-09T09:32:00+03:00,0.6,PDF-версия страницы → редирект на основной URL
/obuchenie/kip/prakticheskie-kip/prakticheskaya-rabota-no8?format=pdf&tmpl=component,/obuchenie/kip/prakticheskie-kip/prakticheskaya-rabota-no8/,301,2024-09-09T09:37:30+03:00,0.1,PDF-версия страницы → редирект на основной URL
/abiturientu/professii/prodavets-kontroler-kassir?format=pdf&tmpl=component,/abiturientu/professii/prodavets-kontroler-kassir/,301,2024-09-09T09:32:36+03:00,0.4,PDF-версия страницы → редирект на основной URL
/obuchenie/kip/prakticheskie-kip/prakticheskaya-rabota-no7?format=pdf&tmpl=component,/obuchenie/kip/prakticheskie-kip/prakticheskaya-rabota-no7/,301,2024-09-09T09:36:02+03:00,0.1,PDF-версия страницы → редирект на основной URL
/abiturientu/spetsialnosti/kompyuternye-sistemy-i-kompleksy?format=pdf&tmpl=component,/abiturientu/spetsialnosti/kompyuternye-sistemy-i-kompleksy/,301,2024-09-09T09:34:14+03:00,0.4,PDF-версия страницы → редирект на основной URL
/vospitanie/dlya-roditelej/16-vazhnykh-pravil-pro-eto?format=pdf&tmpl=component,/vospitanie/dlya-roditelej/16-vazhnykh-pravil-pro-eto/,301,2024-09-09T09:37:40+03:00,0.4,PDF-версия страницы → редирект на основной URL
/abiturientu/professii/13-01-10-elektromonter-po-remontu-i-obsluzhivaniyu-elektrooborudovaniya-po-otraslyam?format=pdf&tmpl=component,/abiturientu/professii/13-01-10-elektromonter-po-remontu-i-obsluzhivaniyu-elektrooborudovaniya-po-otraslyam/,301,2024-09-09T09:34:22+03:00,0.4,PDF-версия страницы → редирект на основной URL
/vospitanie/prakticheskie-sovety-studentam?format=pdf&tmpl=component,/vospitanie/prakticheskie-sovety-studentam/,301,2024-09-09T09:37:26+03:00,0.6,PDF-версия страницы → редирект на основной URL
/obuchenie/kip/prakticheskie-kip/prakticheskaya-rabota-no3?format=pdf&tmpl=component,/obuchenie/kip/prakticheskie-kip/prakticheskaya-rabota-no3/,301,2024-09-09T09:38:38+03:00,0.1,PDF-версия страницы → редирект на основной URL
/vospitanie/dlya-roditelej/nuzhno-li-obsuzhdat-s-rebenkom-temu-alkogolya-i-narkotikov?format=pdf&tmpl=component,/vospitanie/dlya-roditelej/nuzhno-li-obsuzhdat-s-rebenkom-temu-alkogolya-i-narkotikov/,301,2024-09-09T09:36:18+03:00,0.4,PDF-версия страницы → редирект на основной URL
/private?format=pdf&tmpl=component,/private/,301,2024-09-09T09:32:02+03:00,0.8,PDF-версия страницы → редирект на основной URL
/abiturientu/professii/43-01-09-povar-konditer?format=pdf&tmpl=component,/abiturientu/professii/43-01-09-povar-konditer/,301,2024-09-09T09:32:44+03:00,0.4,PDF-версия страницы → редирект на основной URL
/obuchenie/kip/prakticheskie-kip/prakticheskaya-rabota-no4?format=pdf&tmpl=component,/obuchenie/kip/prakticheskie-kip/prakticheskaya-rabota-no4/,301,2024-09-09T09:38:03+03:00,0.1,PDF-версия страницы → редирект на основной URL
/abiturientu/professii/08-01-07-master-obshchestroitelnykh-rabot?format=pdf&tmpl=component,/abiturientu/professii/08-01-07-master-obshchestroitelnykh-rabot/,301,2024-09-09T09:34:23+03:00,0.4,PDF-версия страницы → редирект на основной URL
/obuchenie/kip/prakticheskie-kip/prakticheskaya-rabota-no1?format=pdf&tmpl=component,/obuchenie/kip/prakticheskie-kip/prakticheskaya-rabota-no1/,301,2024-09-09T09:36:50+03:00,0.1,PDF-версия страницы → редирект на основной URL
/abiturientu/spetsialnosti/ekonomika-i-bukhgalterskij-uchet-po-otraslyam?format=pdf&tmpl=component,/abiturientu/spetsialnosti/ekonomika-i-bukhgalterskij-uchet-po-otraslyam/,301,2024-09-09T09:35:12+03:00,0.4,PDF-версия страницы → редирект на основной URL
/obuchenie/kip/prakticheskie-kip/prakticheskaya-rabota-no2?format=pdf&tmpl=component,/obuchenie/kip/prakticheskie-kip/prakticheskaya-rabota-no2/,301,2024-09-09T09:37:50+03:00,0.1,PDF-версия страницы → редирект на основной URL
/vospitanie/dlya-roditelej/kak-ne-dopustit-suitsid-u-podrostka?format=pdf&tmpl=component,/vospitanie/dlya-roditelej/kak-ne-dopustit-suitsid-u-podrostka/,301,2024-09-09T09:38:26+03:00,0.4,PDF-версия страницы → редирект на основной URL
/obuchenie/pm02/lektsii/razdel-1/tema-1-1-organizatsiya-rabot-po-montazhu-sistem-avtomatizatsii/priemka-obekta-pod-montazh?format=pdf&tmpl=component,/obuchenie/pm02/lektsii/razdel-1/tema-1-1-organizatsiya-rabot-po-montazhu-sistem-avtomatizatsii/priemka-obekta-pod-montazh/,301,2024-09-09T09:31:29+03:00,0.1,PDF-версия страницы → редирект на основной URL
/abiturientu/professii/15-01-05-svarshchik-ruchnoj-i-chastichno-mekhanizirovannoj-svarki-naplavki?format=pdf&tmpl=component,/abiturientu/professii/15-01-05-svarshchik-ruchnoj-i-chastichno-mekhanizirovannoj-svarki-naplavki/,301,2024-09-09T09:34:44+03:00,0.4,PDF-версия страницы → редирект на основной URL
/vospitanie/dlya-roditelej/prakticheskie-sovety-roditelyam-vo-vremya-ekzamena?format=pdf&tmpl=component,/vospitanie/dlya-roditelej/prakticheskie-sovety-roditelyam-vo-vremya-ekzamena/,301,2024-09-09T09:36:34+03:00,0.4,PDF-версия страницы → редирект на основной URL
/vospitanie/dlya-roditelej/kak-pomoch-podrostku-spravlyatsya-so-stressom?format=pdf&tmpl=component,/vospitanie/dlya-roditelej/kak-pomoch-podrostku-spravlyatsya-so-stressom/,301,2024-09-09T09:38:55+03:00,0.4,PDF-версия страницы → редирект на основной URL
/obuchenie/pm02/lektsii/razdel-1/tema-1-1-organizatsiya-rabot-po-montazhu-sistem-avtomatizatsii/podgotovka-k-proizvodstvu-montazhnykh-rabot?format=pdf&tmpl=component,/obuchenie/pm02/lektsii/razdel-1/tema-1-1-organizatsiya-rabot-po-montazhu-sistem-avtomatizatsii/podgotovka-k-proizvodstvu-montazhnykh-rabot/,301,2024-09-09T09:32:35+03:00,0.1,PDF-версия страницы → редирект на основной URL
/vospitanie/dlya-roditelej/yuridicheskaya-otvetstvennost?format=pdf&tmpl=component,/vospitanie/dlya-roditelej/yuridicheskaya-otvetstvennost/,301,2024-09-09T09:35:47+03:00,0.4,PDF-версия страницы → редирект на основной URL
,/404/,200,,,новый URL (без редиректа)
,/abiturientu/,200,,,новый URL (без редиректа)
,/abiturientu/dokumentatsiya/,200,,,новый URL (без редиректа)
,/abiturientu/professii/,200,,,новый URL (без редиректа)
,/abiturientu/professii/08-01-07-master-obshchestroitelnykh-rabot/,200,,,новый URL (без редиректа)
,/abiturientu/professii/13-01-10-elektromonter/,200,,,новый URL (без редиректа)
,/abiturientu/professii/15-01-05-svarshchik/,200,,,новый URL (без редиректа)
,/abiturientu/professii/15-01-31-master-kip/,200,,,новый URL (без редиректа)
,/abiturientu/professii/43-01-09-povar-konditer/,200,,,новый URL (без редиректа)
,/abiturientu/professii/prodavets-kontroler-kassir/,200,,,новый URL (без редиректа)
,/abiturientu/spetsialnosti/,200,,,новый URL (без редиректа)
,/abiturientu/spetsialnosti/ekonomika-i-bukhgalterskij-uchet/,200,,,новый URL (без редиректа)
,/abiturientu/spetsialnosti/kompyuternye-sistemy-i-kompleksy/,200,,,новый URL (без редиректа)
,/assets/components/footer/,200,,,новый URL (без редиректа)
,/assets/components/header/,200,,,новый URL (без редиректа)
,/assets/components/page-template/,200,,,новый URL (без редиректа)
,/assets/images/pm02/prakt/kip/,200,,,новый URL (без редиректа)
,/obo-mne/,200,,,новый URL (без редиректа)
,/obo-mne/dostizheniya/,200,,,новый URL (без редиректа)
,/obo-mne/khobbi/,200,,,новый URL (без редиректа)
,/obo-mne/kontakty/,200,,,новый URL (без редиректа)
,/obo-mne/metodicheskaya-rabota/,200,,,новый URL (без редиректа)
,/obuchenie/,200,,,новый URL (без редиректа)
,/obuchenie/elektromonter/,200,,,новый URL (без редиректа)
,/obuchenie/kip/,200,,,новый URL (без редиректа)
,/obuchenie/kip/prakticheskie-kip/,200,,,новый URL (без редиректа)
,/obuchenie/kip/prakticheskie-kip/prakticheskaya-rabota-no1/,200,,,новый URL (без редиректа)
,/obuchenie/kip/prakticheskie-kip/prakticheskaya-rabota-no2/,200,,,новый URL (без редиректа)
,/obuchenie/kip/prakticheskie-kip/prakticheskaya-rabota-no3/,200,,,новый URL (без редиректа)
,/obuchenie/kip/prakticheskie-kip/prakticheskaya-rabota-no4/,200,,,новый URL (без редиректа)
,/obuchenie/kip/prakticheskie-kip/prakticheskaya-rabota-no5/,200,,,новый URL (без редиректа)
,/obuchenie/kip/prakticheskie-kip/prakticheskaya-rabota-no6/,200,,,новый URL (без редиректа)
,/obuchenie/kip/prakticheskie-kip/prakticheskaya-rabota-no7/,200,,,новый URL (без редиректа)
,/obuchenie/kip/prakticheskie-kip/prakticheskaya-rabota-no8/,200,,,новый URL (без редиректа)
,/obuchenie/kip/prakticheskie-kip/prakticheskaya-rabota-no9/,200,,,новый URL (без редиректа)
,/obuchenie/ksk/,200,,,новый URL (без редиректа)
,/obuchenie/pm02/lektsii/,200,,,новый URL (без редиректа)
,/obuchenie/pm02/lektsii/razdel-1/,200,,,новый URL (без редиректа)
,/search/,200,,,новый URL (без редиректа)
,/vospitanie/,200,,,новый URL (без редиректа)
,/vospitanie/dlya-roditelej/,200,,,новый URL (без редиректа)
,/vospitanie/dlya-roditelej/16-vazhnykh-pravil-pro-eto/,200,,,новый URL (без редиректа)
,/vospitanie/dlya-roditelej/kak-ne-dopustit-suitsid-u-podrostka/,200,,,новый URL (без редиректа)
,/vospitanie/dlya-roditelej/kak-pomoch-podrostku-spravlyatsya-so-stressom/,200,,,новый URL (без редиректа)
,/vospitanie/dlya-roditelej/nuzhno-li-obsuzhdat-s-rebenkom-temu-alkogolya-i-narkotikov/,200,,,новый URL (без редиректа)
,/vospitanie/dlya-roditelej/prakticheskie-sovety-roditelyam-vo-vremya-ekzamena/,200,,,новый URL (без редиректа)
,/vospitanie/dlya-roditelej/yuridicheskaya-otvetstvennost/,200,,,новый URL (без редиректа)
,/vospitanie/prakticheskie-sovety-studentam/,200,,,новый URL (без редиректа)
,/vospitanie/razgovory-o-vazhnom/,200,,,новый URL (без редиректа)
