"source_url","canonical_path","variant","sitemap_lastmod","http_status","content_type","accessible_html","redirect_location"
"https://xn--80aabgi1b2am.xn--p1ai/obuchenie/kip/prakticheskie-kip/prakticheskaya-rabota-no8","/obuchenie/kip/prakticheskie-kip/prakticheskaya-rabota-no8","canonical","2024-09-09T09:31:33+03:00","200","text/html; charset=utf-8","yes",""
"https://xn--80aabgi1b2am.xn--p1ai/abiturientu/spetsialnosti/kompyuternye-sistemy-i-kompleksy","/abiturientu/spetsialnosti/kompyuternye-sistemy-i-kompleksy","canonical","2024-09-09T09:28:24+03:00","200","text/html; charset=utf-8","yes",""
"https://xn--80aabgi1b2am.xn--p1ai/obuchenie/kip/prakticheskie-kip/prakticheskaya-rabota-no5","/obuchenie/kip/prakticheskie-kip/prakticheskaya-rabota-no5","canonical","2024-09-09T09:34:33+03:00","200","text/html; charset=utf-8","yes",""
"https://xn--80aabgi1b2am.xn--p1ai/obuchenie/kip/prakticheskie-kip/prakticheskaya-rabota-no5?format=pdf&tmpl=component","/obuchenie/kip/prakticheskie-kip/prakticheskaya-rabota-no5","pdf-query","2024-09-09T09:37:27+03:00","200","application/pdf","no",""
"https://xn--80aabgi1b2am.xn--p1ai/abiturientu/professii/15-01-31-master-kontrolno-izmeritelnykh-priborov-i-avtomatiki?format=pdf&tmpl=component","/abiturientu/professii/15-01-31-master-kontrolno-izmeritelnykh-priborov-i-avtomatiki","pdf-query","2024-09-09T09:31:55+03:00","200","application/pdf","no",""
"https://xn--80aabgi1b2am.xn--p1ai/obuchenie/kip/prakticheskie-kip/prakticheskaya-rabota-no6?format=pdf&tmpl=component","/obuchenie/kip/prakticheskie-kip/prakticheskaya-rabota-no6","pdf-query","2024-09-09T09:37:28+03:00","200","application/pdf","no",""
"https://xn--80aabgi1b2am.xn--p1ai/abiturientu/dokumentatsiya?format=pdf&tmpl=component","/abiturientu/dokumentatsiya","pdf-query","2024-09-09T09:32:00+03:00","200","application/pdf","no",""
"https://xn--80aabgi1b2am.xn--p1ai/abiturientu/professii/08-01-07-master-obshchestroitelnykh-rabot","/abiturientu/professii/08-01-07-master-obshchestroitelnykh-rabot","canonical","2024-09-09T09:28:21+03:00","200","text/html; charset=utf-8","yes",""
"https://xn--80aabgi1b2am.xn--p1ai/obuchenie/kip/prakticheskie-kip/prakticheskaya-rabota-no7","/obuchenie/kip/prakticheskie-kip/prakticheskaya-rabota-no7","canonical","2024-09-09T09:33:41+03:00","200","text/html; charset=utf-8","yes",""
"https://xn--80aabgi1b2am.xn--p1ai/index.php/obuchenie","/obuchenie","index.php","2024-09-09T09:28:49+03:00","200","text/html; charset=utf-8","yes",""
"https://xn--80aabgi1b2am.xn--p1ai/obuchenie/kip/prakticheskie-kip/prakticheskaya-rabota-no8?format=pdf&tmpl=component","/obuchenie/kip/prakticheskie-kip/prakticheskaya-rabota-no8","pdf-query","2024-09-09T09:37:30+03:00","200","application/pdf","no",""
"https://xn--80aabgi1b2am.xn--p1ai/abiturientu/professii/prodavets-kontroler-kassir","/abiturientu/professii/prodavets-kontroler-kassir","canonical","2024-09-09T09:27:55+03:00","200","text/html; charset=utf-8","yes",""
"https://xn--80aabgi1b2am.xn--p1ai/vospitanie/dlya-roditelej/kak-ne-dopustit-suitsid-u-podrostka","/vospitanie/dlya-roditelej/kak-ne-dopustit-suitsid-u-podrostka","canonical","2024-09-09T09:35:28+03:00","200","text/html; charset=utf-8","yes",""
"https://xn--80aabgi1b2am.xn--p1ai/abiturientu/professii/prodavets-kontroler-kassir?format=pdf&tmpl=component","/abiturientu/professii/prodavets-kontroler-kassir","pdf-query","2024-09-09T09:32:36+03:00","200","application/pdf","no",""
"https://xn--80aabgi1b2am.xn--p1ai/obuchenie/kip/prakticheskie-kip/prakticheskaya-rabota-no7?format=pdf&tmpl=component","/obuchenie/kip/prakticheskie-kip/prakticheskaya-rabota-no7","pdf-query","2024-09-09T09:36:02+03:00","200","application/pdf","no",""
"https://xn--80aabgi1b2am.xn--p1ai/obuchenie/elektromonter","/obuchenie/elektromonter","canonical","2024-09-09T09:27:40+03:00","200","text/html; charset=utf-8","yes",""
"https://xn--80aabgi1b2am.xn--p1ai/abiturientu/spetsialnosti/kompyuternye-sistemy-i-kompleksy?format=pdf&tmpl=component","/abiturientu/spetsialnosti/kompyuternye-sistemy-i-kompleksy","pdf-query","2024-09-09T09:34:14+03:00","200","application/pdf","no",""
"https://xn--80aabgi1b2am.xn--p1ai/obuchenie/kip/prakticheskie-kip/prakticheskaya-rabota-no1","/obuchenie/kip/prakticheskie-kip/prakticheskaya-rabota-no1","canonical","2024-09-09T09:34:26+03:00","200","text/html; charset=utf-8","yes",""
"https://xn--80aabgi1b2am.xn--p1ai/vospitanie/razgovory-o-vazhnom","/vospitanie/razgovory-o-vazhnom","canonical","2024-09-09T09:27:43+03:00","200","text/html; charset=utf-8","yes",""
"https://xn--80aabgi1b2am.xn--p1ai/vospitanie/dlya-roditelej/kak-pomoch-podrostku-spravlyatsya-so-stressom","/vospitanie/dlya-roditelej/kak-pomoch-podrostku-spravlyatsya-so-stressom","canonical","2024-09-09T09:31:27+03:00","200","text/html; charset=utf-8","yes",""
"https://xn--80aabgi1b2am.xn--p1ai/vospitanie/dlya-roditelej/16-vazhnykh-pravil-pro-eto?format=pdf&tmpl=component","/vospitanie/dlya-roditelej/16-vazhnykh-pravil-pro-eto","pdf-query","2024-09-09T09:37:40+03:00","200","application/pdf","no",""
"https://xn--80aabgi1b2am.xn--p1ai/private","/private","canonical","2024-09-09T09:29:01+03:00","200","text/html; charset=utf-8","yes",""
"https://xn--80aabgi1b2am.xn--p1ai/abiturientu/professii/13-01-10-elektromonter-po-remontu-i-obsluzhivaniyu-elektrooborudovaniya-po-otraslyam?format=pdf&tmpl=component","/abiturientu/professii/13-01-10-elektromonter-po-remontu-i-obsluzhivaniyu-elektrooborudovaniya-po-otraslyam","pdf-query","2024-09-09T09:34:22+03:00","200","application/pdf","no",""
"https://xn--80aabgi1b2am.xn--p1ai/vospitanie/prakticheskie-sovety-studentam?format=pdf&tmpl=component","/vospitanie/prakticheskie-sovety-studentam","pdf-query","2024-09-09T09:37:26+03:00","200","application/pdf","no",""
"https://xn--80aabgi1b2am.xn--p1ai/abiturientu/dokumentatsiya","/abiturientu/dokumentatsiya","canonical","2024-09-09T09:28:58+03:00","200","text/html; charset=utf-8","yes",""
"https://xn--80aabgi1b2am.xn--p1ai/obuchenie/kip/prakticheskie-kip/prakticheskaya-rabota-no3?format=pdf&tmpl=component","/obuchenie/kip/prakticheskie-kip/prakticheskaya-rabota-no3","pdf-query","2024-09-09T09:38:38+03:00","200","application/pdf","no",""
"https://xn--80aabgi1b2am.xn--p1ai/obuchenie/kip/prakticheskie-kip","/obuchenie/kip/prakticheskie-kip","canonical","2024-09-09T09:29:13+03:00","200","text/html; charset=utf-8","yes",""
"https://xn--80aabgi1b2am.xn--p1ai/obuchenie","/obuchenie","canonical","2024-09-09T09:28:01+03:00","200","text/html; charset=utf-8","yes",""
"https://xn--80aabgi1b2am.xn--p1ai/vospitanie/dlya-roditelej/nuzhno-li-obsuzhdat-s-rebenkom-temu-alkogolya-i-narkotikov?format=pdf&tmpl=component","/vospitanie/dlya-roditelej/nuzhno-li-obsuzhdat-s-rebenkom-temu-alkogolya-i-narkotikov","pdf-query","2024-09-09T09:36:18+03:00","200","application/pdf","no",""
"https://xn--80aabgi1b2am.xn--p1ai/obo-mne/dostizheniya","/obo-mne/dostizheniya","canonical","2024-09-09T09:28:55+03:00","200","text/html; charset=utf-8","yes",""
"https://xn--80aabgi1b2am.xn--p1ai/private?format=pdf&tmpl=component","/private","pdf-query","2024-09-09T09:32:02+03:00","200","application/pdf","no",""
"https://xn--80aabgi1b2am.xn--p1ai/vospitanie/dlya-roditelej/yuridicheskaya-otvetstvennost","/vospitanie/dlya-roditelej/yuridicheskaya-otvetstvennost","canonical","2024-09-09T09:34:48+03:00","200","text/html; charset=utf-8","yes",""
"https://xn--80aabgi1b2am.xn--p1ai/abiturientu/professii/43-01-09-povar-konditer?format=pdf&tmpl=component","/abiturientu/professii/43-01-09-povar-konditer","pdf-query","2024-09-09T09:32:44+03:00","200","application/pdf","no",""
"https://xn--80aabgi1b2am.xn--p1ai/abiturientu/spetsialnosti/ekonomika-i-bukhgalterskij-uchet-po-otraslyam","/abiturientu/spetsialnosti/ekonomika-i-bukhgalterskij-uchet-po-otraslyam","canonical","2024-09-09T09:28:52+03:00","200","text/html; charset=utf-8","yes",""
"https://xn--80aabgi1b2am.xn--p1ai/index.php/abiturientu/professii/15-01-05-svarshchik-ruchnoj-i-chastichno-mekhanizirovannoj-svarki-naplavki","/abiturientu/professii/15-01-05-svarshchik-ruchnoj-i-chastichno-mekhanizirovannoj-svarki-naplavki","index.php","2024-09-09T09:29:26+03:00","200","text/html; charset=utf-8","yes",""
"https://xn--80aabgi1b2am.xn--p1ai/abiturientu/professii/13-01-10-elektromonter-po-remontu-i-obsluzhivaniyu-elektrooborudovaniya-po-otraslyam","/abiturientu/professii/13-01-10-elektromonter-po-remontu-i-obsluzhivaniyu-elektrooborudovaniya-po-otraslyam","canonical","2024-09-09T09:27:46+03:00","200","text/html; charset=utf-8","yes",""
"https://xn--80aabgi1b2am.xn--p1ai/obuchenie/pm02/lektsii/razdel-1","/obuchenie/pm02/lektsii/razdel-1","canonical","2024-09-09T09:28:42+03:00","200","text/html; charset=utf-8","yes",""
"https://xn--80aabgi1b2am.xn--p1ai/abiturientu/professii/43-01-09-povar-konditer","/abiturientu/professii/43-01-09-povar-konditer","canonical","2024-09-09T09:28:27+03:00","200","text/html; charset=utf-8","yes",""
"https://xn--80aabgi1b2am.xn--p1ai/abiturientu","/abiturientu","canonical","2024-09-09T09:27:37+03:00","200","text/html; charset=utf-8","yes",""
"https://xn--80aabgi1b2am.xn--p1ai/index.php/abiturientu/spetsialnosti/kompyuternye-sistemy-i-kompleksy","/abiturientu/spetsialnosti/kompyuternye-sistemy-i-kompleksy","index.php","2024-09-09T09:31:00+03:00","200","text/html; charset=utf-8","yes",""
"https://xn--80aabgi1b2am.xn--p1ai/obuchenie/pm02/lektsii","/obuchenie/pm02/lektsii","canonical","2024-09-09T09:28:33+03:00","200","text/html; charset=utf-8","yes",""
"https://xn--80aabgi1b2am.xn--p1ai/obuchenie/kip/prakticheskie-kip/prakticheskaya-rabota-no4?format=pdf&tmpl=component","/obuchenie/kip/prakticheskie-kip/prakticheskaya-rabota-no4","pdf-query","2024-09-09T09:38:03+03:00","200","application/pdf","no",""
"https://xn--80aabgi1b2am.xn--p1ai/obuchenie/pm02/lektsii/razdel-1/tema-1-1-organizatsiya-rabot-po-montazhu-sistem-avtomatizatsii/podgotovka-k-proizvodstvu-montazhnykh-rabot","/obuchenie/pm02/lektsii/razdel-1/tema-1-1-organizatsiya-rabot-po-montazhu-sistem-avtomatizatsii/podgotovka-k-proizvodstvu-montazhnykh-rabot","canonical","2024-09-09T09:28:11+03:00","200","text/html; charset=utf-8","yes",""
"https://xn--80aabgi1b2am.xn--p1ai/index.php/abiturientu/professii/13-01-10-elektromonter-po-remontu-i-obsluzhivaniyu-elektrooborudovaniya-po-otraslyam","/abiturientu/professii/13-01-10-elektromonter-po-remontu-i-obsluzhivaniyu-elektrooborudovaniya-po-otraslyam","index.php","2024-09-09T09:31:58+03:00","200","text/html; charset=utf-8","yes",""
"https://xn--80aabgi1b2am.xn--p1ai/index.php/obo-mne/dostizheniya","/obo-mne/dostizheniya","index.php","2024-09-09T09:28:04+03:00","200","text/html; charset=utf-8","yes",""
"https://xn--80aabgi1b2am.xn--p1ai/abiturientu/professii/08-01-07-master-obshchestroitelnykh-rabot?format=pdf&tmpl=component","/abiturientu/professii/08-01-07-master-obshchestroitelnykh-rabot","pdf-query","2024-09-09T09:34:23+03:00","200","application/pdf","no",""
"https://xn--80aabgi1b2am.xn--p1ai/abiturientu/professii/15-01-05-svarshchik-ruchnoj-i-chastichno-mekhanizirovannoj-svarki-naplavki","/abiturientu/professii/15-01-05-svarshchik-ruchnoj-i-chastichno-mekhanizirovannoj-svarki-naplavki","canonical","2024-09-09T09:27:59+03:00","200","text/html; charset=utf-8","yes",""
"https://xn--80aabgi1b2am.xn--p1ai/obuchenie/kip/prakticheskie-kip/prakticheskaya-rabota-no1?format=pdf&tmpl=component","/obuchenie/kip/prakticheskie-kip/prakticheskaya-rabota-no1","pdf-query","2024-09-09T09:36:50+03:00","200","application/pdf","no",""
"https://xn--80aabgi1b2am.xn--p1ai/obuchenie/kip/prakticheskie-kip/prakticheskaya-rabota-no4","/obuchenie/kip/prakticheskie-kip/prakticheskaya-rabota-no4","canonical","2024-09-09T09:32:27+03:00","200","text/html; charset=utf-8","yes",""
"https://xn--80aabgi1b2am.xn--p1ai/abiturientu/spetsialnosti/ekonomika-i-bukhgalterskij-uchet-po-otraslyam?format=pdf&tmpl=component","/abiturientu/spetsialnosti/ekonomika-i-bukhgalterskij-uchet-po-otraslyam","pdf-query","2024-09-09T09:35:12+03:00","200","application/pdf","no",""
"https://xn--80aabgi1b2am.xn--p1ai/index.php/vospitanie","/vospitanie","index.php","2024-09-09T09:28:17+03:00","200","text/html; charset=utf-8","yes",""
"https://xn--80aabgi1b2am.xn--p1ai/index.php/abiturientu/professii/prodavets-kontroler-kassir","/abiturientu/professii/prodavets-kontroler-kassir","index.php","2024-09-09T09:34:02+03:00","200","text/html; charset=utf-8","yes",""
"https://xn--80aabgi1b2am.xn--p1ai/obuchenie/kip/prakticheskie-kip/prakticheskaya-rabota-no9","/obuchenie/kip/prakticheskie-kip/prakticheskaya-rabota-no9","canonical","2024-09-09T09:33:28+03:00","200","text/html; charset=utf-8","yes",""
"https://xn--80aabgi1b2am.xn--p1ai/index.php/abiturientu/professii/08-01-07-master-obshchestroitelnykh-rabot","/abiturientu/professii/08-01-07-master-obshchestroitelnykh-rabot","index.php","2024-09-09T09:33:46+03:00","200","text/html; charset=utf-8","yes",""
"https://xn--80aabgi1b2am.xn--p1ai/obuchenie/kip/prakticheskie-kip/prakticheskaya-rabota-no2?format=pdf&tmpl=component","/obuchenie/kip/prakticheskie-kip/prakticheskaya-rabota-no2","pdf-query","2024-09-09T09:37:50+03:00","200","application/pdf","no",""
"https://xn--80aabgi1b2am.xn--p1ai/obuchenie/pm02/lektsii/razdel-1/tema-1-1-organizatsiya-rabot-po-montazhu-sistem-avtomatizatsii/priemka-obekta-pod-montazh","/obuchenie/pm02/lektsii/razdel-1/tema-1-1-organizatsiya-rabot-po-montazhu-sistem-avtomatizatsii/priemka-obekta-pod-montazh","canonical","2024-09-09T09:28:14+03:00","200","text/html; charset=utf-8","yes",""
"https://xn--80aabgi1b2am.xn--p1ai/vospitanie","/vospitanie","canonical","2024-09-09T09:28:46+03:00","200","text/html; charset=utf-8","yes",""
"https://xn--80aabgi1b2am.xn--p1ai/vospitanie/dlya-roditelej/kak-ne-dopustit-suitsid-u-podrostka?format=pdf&tmpl=component","/vospitanie/dlya-roditelej/kak-ne-dopustit-suitsid-u-podrostka","pdf-query","2024-09-09T09:38:26+03:00","200","application/pdf","no",""
"https://xn--80aabgi1b2am.xn--p1ai/obuchenie/pm02/lektsii/razdel-1/tema-1-1-organizatsiya-rabot-po-montazhu-sistem-avtomatizatsii","/obuchenie/pm02/lektsii/razdel-1/tema-1-1-organizatsiya-rabot-po-montazhu-sistem-avtomatizatsii","canonical","2024-09-09T09:27:49+03:00","200","text/html; charset=utf-8","yes",""
"https://xn--80aabgi1b2am.xn--p1ai/obuchenie/kip","/obuchenie/kip","canonical","2024-09-09T09:29:11+03:00","200","text/html; charset=utf-8","yes",""
"https://xn--80aabgi1b2am.xn--p1ai/","/","canonical","2024-09-09T09:19:40+03:00","200","text/html; charset=utf-8","yes",""
"https://xn--80aabgi1b2am.xn--p1ai/obuchenie/pm02/lektsii/razdel-1/tema-1-1-organizatsiya-rabot-po-montazhu-sistem-avtomatizatsii/priemka-obekta-pod-montazh?format=pdf&tmpl=component","/obuchenie/pm02/lektsii/razdel-1/tema-1-1-organizatsiya-rabot-po-montazhu-sistem-avtomatizatsii/priemka-obekta-pod-montazh","pdf-query","2024-09-09T09:31:29+03:00","200","application/pdf","no",""
"https://xn--80aabgi1b2am.xn--p1ai/index.php/abiturientu/professii/15-01-31-master-kontrolno-izmeritelnykh-priborov-i-avtomatiki","/abiturientu/professii/15-01-31-master-kontrolno-izmeritelnykh-priborov-i-avtomatiki","index.php","2024-09-09T09:33:06+03:00","200","text/html; charset=utf-8","yes",""
"https://xn--80aabgi1b2am.xn--p1ai/obuchenie/kip/prakticheskie-kip/prakticheskaya-rabota-no2","/obuchenie/kip/prakticheskie-kip/prakticheskaya-rabota-no2","canonical","2024-09-09T09:34:56+03:00","200","text/html; charset=utf-8","yes",""
"https://xn--80aabgi1b2am.xn--p1ai/abiturientu/professii/15-01-05-svarshchik-ruchnoj-i-chastichno-mekhanizirovannoj-svarki-naplavki?format=pdf&tmpl=component","/abiturientu/professii/15-01-05-svarshchik-ruchnoj-i-chastichno-mekhanizirovannoj-svarki-naplavki","pdf-query","2024-09-09T09:34:44+03:00","200","application/pdf","no",""
"https://xn--80aabgi1b2am.xn--p1ai/index.php/abiturientu/professii/43-01-09-povar-konditer","/abiturientu/professii/43-01-09-povar-konditer","index.php","2024-09-09T09:31:21+03:00","200","text/html; charset=utf-8","yes",""
"https://xn--80aabgi1b2am.xn--p1ai/index.php/abiturientu/spetsialnosti/ekonomika-i-bukhgalterskij-uchet-po-otraslyam","/abiturientu/spetsialnosti/ekonomika-i-bukhgalterskij-uchet-po-otraslyam","index.php","2024-09-09T09:31:18+03:00","200","text/html; charset=utf-8","yes",""
"https://xn--80aabgi1b2am.xn--p1ai/vospitanie/dlya-roditelej/prakticheskie-sovety-roditelyam-vo-vremya-ekzamena?format=pdf&tmpl=component","/vospitanie/dlya-roditelej/prakticheskie-sovety-roditelyam-vo-vremya-ekzamena","pdf-query","2024-09-09T09:36:34+03:00","200","application/pdf","no",""
"https://xn--80aabgi1b2am.xn--p1ai/abiturientu/professii/15-01-31-master-kontrolno-izmeritelnykh-priborov-i-avtomatiki","/abiturientu/professii/15-01-31-master-kontrolno-izmeritelnykh-priborov-i-avtomatiki","canonical","2024-09-09T09:28:08+03:00","200","text/html; charset=utf-8","yes",""
"https://xn--80aabgi1b2am.xn--p1ai/obo-mne/kontakty","/obo-mne/kontakty","canonical","2024-09-09T09:28:36+03:00","200","text/html; charset=utf-8","yes",""
"https://xn--80aabgi1b2am.xn--p1ai/vospitanie/dlya-roditelej/nuzhno-li-obsuzhdat-s-rebenkom-temu-alkogolya-i-narkotikov","/vospitanie/dlya-roditelej/nuzhno-li-obsuzhdat-s-rebenkom-temu-alkogolya-i-narkotikov","canonical","2024-09-09T09:29:22+03:00","200","text/html; charset=utf-8","yes",""
"https://xn--80aabgi1b2am.xn--p1ai/vospitanie/dlya-roditelej/prakticheskie-sovety-roditelyam-vo-vremya-ekzamena","/vospitanie/dlya-roditelej/prakticheskie-sovety-roditelyam-vo-vremya-ekzamena","canonical","2024-09-09T09:33:16+03:00","200","text/html; charset=utf-8","yes",""
"https://xn--80aabgi1b2am.xn--p1ai/obuchenie/kip/prakticheskie-kip/prakticheskaya-rabota-no6","/obuchenie/kip/prakticheskie-kip/prakticheskaya-rabota-no6","canonical","2024-09-09T09:30:55+03:00","200","text/html; charset=utf-8","yes",""
"https://xn--80aabgi1b2am.xn--p1ai/obuchenie/kip/prakticheskie-kip/prakticheskaya-rabota-no3","/obuchenie/kip/prakticheskie-kip/prakticheskaya-rabota-no3","canonical","2024-09-09T09:33:59+03:00","200","text/html; charset=utf-8","yes",""
"https://xn--80aabgi1b2am.xn--p1ai/vospitanie/dlya-roditelej/kak-pomoch-podrostku-spravlyatsya-so-stressom?format=pdf&tmpl=component","/vospitanie/dlya-roditelej/kak-pomoch-podrostku-spravlyatsya-so-stressom","pdf-query","2024-09-09T09:38:55+03:00","200","application/pdf","no",""
"https://xn--80aabgi1b2am.xn--p1ai/obuchenie/pm02/lektsii/razdel-1/tema-1-1-organizatsiya-rabot-po-montazhu-sistem-avtomatizatsii/podgotovka-k-proizvodstvu-montazhnykh-rabot?format=pdf&tmpl=component","/obuchenie/pm02/lektsii/razdel-1/tema-1-1-organizatsiya-rabot-po-montazhu-sistem-avtomatizatsii/podgotovka-k-proizvodstvu-montazhnykh-rabot","pdf-query","2024-09-09T09:32:35+03:00","200","application/pdf","no",""
"https://xn--80aabgi1b2am.xn--p1ai/vospitanie/dlya-roditelej/16-vazhnykh-pravil-pro-eto","/vospitanie/dlya-roditelej/16-vazhnykh-pravil-pro-eto","canonical","2024-09-09T09:33:55+03:00","200","text/html; charset=utf-8","yes",""
"https://xn--80aabgi1b2am.xn--p1ai/vospitanie/dlya-roditelej","/vospitanie/dlya-roditelej","canonical","2024-09-09T09:27:52+03:00","200","text/html; charset=utf-8","yes",""
"https://xn--80aabgi1b2am.xn--p1ai/vospitanie/dlya-roditelej/yuridicheskaya-otvetstvennost?format=pdf&tmpl=component","/vospitanie/dlya-roditelej/yuridicheskaya-otvetstvennost","pdf-query","2024-09-09T09:35:47+03:00","200","application/pdf","no",""
"https://xn--80aabgi1b2am.xn--p1ai/vospitanie/prakticheskie-sovety-studentam","/vospitanie/prakticheskie-sovety-studentam","canonical","2024-09-09T09:35:21+03:00","200","text/html; charset=utf-8","yes",""
"https://xn--80aabgi1b2am.xn--p1ai/obo-mne/metodicheskaya-rabota","/obo-mne/metodicheskaya-rabota","canonical","2024-09-09T09:28:30+03:00","200","text/html; charset=utf-8","yes",""
